date,num_clients,num_clients_lag_7,federal_holiday,big_holiday_before,big_holiday,big_holiday_after,num_sessions,total_traffic,community_event_count,community_event,community_gingerbread_express,community_holiday_market,wu_temp_high,wu_temp_avg,wu_temp_low,wu_humid_high,wu_humid_avg,wu_humid_low,wu_wind_high,wu_wind_avg,wu_precip,wu_event_fog,wu_event_rain,wu_event_snow,wu_event_hail,wu_event_thunderstorm,wu_event_sum,bb_cumulative_wins,bb_game,day_of_week_fri,day_of_week_mon,day_of_week_sat,day_of_week_sun,day_of_week_thu,day_of_week_tue,day_of_week_wed,quarter_q1,quarter_q2,quarter_q3,quarter_q4,bb_game_type_conference_tourney,bb_game_type_ncaa_tourney,bb_game_type_pre_season,bb_game_type_regular_season,bb_location_away,bb_location_home,bb_location_neutral,bb_ranked_opponent_False,bb_ranked_opponent_True,bb_game_result_loss,bb_game_result_win,bb_close_game_False,bb_close_game_True,wu_temp_high_sq,wu_temp_avg_sq,wu_temp_low_sq,wu_humid_high_sq,wu_humid_avg_sq,wu_humid_low_sq,wu_wind_high_sq,wu_wind_avg_sq,wu_precip_sq,num_sessions_lag_7,total_traffic_lag_7
2017-01-01,93.0,,False,False,False,False,,995566.3644244,0,False,0,0,57,47,37,73,52,42,13,7,0.01,0,1,0,0,0,1,0,False,0,0,1,0,0,0,0,1,0,0,0,0,0,0,0,0,0,0,0,0,0,0,0,0,3249,2209,1369,5329,2704,1764,169,49,0.0001,,
2017-01-02,73.0,,True,False,False,False,,670853.68888922,0,False,0,0,46,44,42,93,89,80,10,6,0.09,0,1,0,0,0,1,0,False,0,0,0,1,0,0,0,1,0,0,0,0,0,0,0,0,0,0,0,0,0,0,0,0,2116,1936,1764,8649,7921,6400,100,36,0.0081,,
2017-01-03,87.0,,False,False,False,False,,874286.0799678002,0,False,0,0,48,46,43,93,89,83,14,5,0.59,0,1,0,0,0,1,0,False,0,1,0,0,0,0,0,1,0,0,0,0,0,0,0,0,0,0,0,0,0,0,0,0,2304,2116,1849,8649,7921,6889,196,25,0.3481,,
2017-01-04,97.0,,False,False,False,False,,1616876.0891909997,0,False,0,0,57,46,36,96,56,23,15,6,0.01,0,0,0,0,0,0,11,True,0,0,0,0,0,1,0,1,0,0,0,0,0,0,1,1,0,0,1,0,1,0,0,1,3249,2116,1296,9216,3136,529,225,36,0.0001,,
2017-01-05,92.0,,False,False,False,False,,586023.8223087,0,False,0,0,37,34,32,50,41,32,13,4,0.0,0,0,0,0,0,0,0,False,0,0,0,0,0,0,1,1,0,0,0,0,0,0,0,0,0,0,0,0,0,0,0,0,1369,1156,1024,2500,1681,1024,169,16,0.0,,
2017-01-06,88.0,,False,False,False,False,,520820.0533622,0,False,0,0,36,32,28,79,67,51,12,4,0.0,0,0,1,0,0,1,0,False,0,0,0,0,1,0,0,1,0,0,0,0,0,0,0,0,0,0,0,0,0,0,0,0,1296,1024,784,6241,4489,2601,144,16,0.0,,
2017-01-07,39.0,,False,False,False,False,,277638.2577891,1,True,0,0,26,22,17,86,69,38,14,9,0.05,0,0,1,0,0,1,0,False,1,0,0,0,0,0,0,1,0,0,0,0,0,0,0,0,0,0,0,0,0,0,0,0,676,484,289,7396,4761,1444,196,81,0.0025000000000000005,,
2017-01-08,40.0,93.0,False,False,False,False,,139204.266666,0,False,0,0,25,17,9,53,39,28,8,4,0.0,0,0,0,0,0,0,12,True,0,0,1,0,0,0,0,1,0,0,0,0,0,0,1,0,1,0,1,0,0,1,1,0,625,289,81,2809,1521,784,64,16,0.0,,995566.3644244
2017-01-09,74.0,73.0,False,False,False,False,,875821.5110858901,0,False,0,0,25,16,8,67,54,44,13,5,0.0,0,0,0,0,0,0,0,False,0,0,0,1,0,0,0,1,0,0,0,0,0,0,0,0,0,0,0,0,0,0,0,0,625,256,64,4489,2916,1936,169,25,0.0,,670853.68888922
2017-01-10,67.0,87.0,False,False,False,False,,2355954.3464448997,0,False,0,0,39,29,18,62,51,40,22,8,0.0,0,1,0,0,0,1,0,False,0,1,0,0,0,0,0,1,0,0,0,0,0,0,0,0,0,0,0,0,0,0,0,0,1521,841,324,3844,2601,1600,484,64,0.0,,874286.0799678002
2017-01-11,88.0,97.0,False,False,False,False,,1210539.80447878,0,False,0,0,52,44,36,89,74,59,18,8,0.03,0,1,0,0,0,1,0,False,0,0,0,0,0,1,0,1,0,0,0,0,0,0,0,0,0,0,0,0,0,0,0,0,2704,1936,1296,7921,5476,3481,324,64,0.0009,,1616876.0891909997
2017-01-12,105.0,92.0,False,False,False,False,,1488215.6088900003,0,False,0,0,71,60,49,89,69,49,25,15,0.0,0,0,0,0,0,0,0,False,0,0,0,0,0,0,1,1,0,0,0,0,0,0,0,0,0,0,0,0,0,0,0,0,5041,3600,2401,7921,4761,2401,625,225,0.0,,586023.8223087
2017-01-13,150.0,88.0,False,False,False,False,,1429275.8756244,1,True,0,0,61,51,41,83,61,39,13,6,0.01,0,1,0,0,0,1,0,False,0,0,0,0,1,0,0,1,0,0,0,0,0,0,0,0,0,0,0,0,0,0,0,0,3721,2601,1681,6889,3721,1521,169,36,0.0001,,520820.0533622
2017-01-14,94.0,39.0,False,False,False,False,,732697.6000267002,0,False,0,0,42,39,36,92,84,76,9,3,0.16,0,0,0,0,0,0,13,True,1,0,0,0,0,0,0,1,0,0,0,0,0,0,1,1,0,0,1,0,0,1,0,1,1764,1521,1296,8464,7056,5776,81,9,0.0256,,277638.2577891
2017-01-15,74.0,40.0,False,False,False,False,,406236.160019,1,True,0,0,44,41,37,100,88,76,10,2,0.02,0,0,0,0,0,0,0,False,0,0,1,0,0,0,0,1,0,0,0,0,0,0,0,0,0,0,0,0,0,0,0,0,1936,1681,1369,10000,7744,5776,100,4,0.0004,,139204.266666
2017-01-16,95.0,74.0,True,False,False,False,,929299.342104,0,False,0,0,45,42,38,96,90,83,10,4,0.04,0,1,0,0,0,1,0,False,0,0,0,1,0,0,0,1,0,0,0,0,0,0,0,0,0,0,0,0,0,0,0,0,2025,1764,1444,9216,8100,6889,100,16,0.0016,,875821.5110858901
2017-01-17,83.0,67.0,False,False,False,False,,997058.56006,0,False,0,0,56,49,41,96,91,86,15,6,0.08,0,1,0,0,0,1,0,False,0,1,0,0,0,0,0,1,0,0,0,0,0,0,0,0,0,0,0,0,0,0,0,0,3136,2401,1681,9216,8281,7396,225,36,0.0064,,2355954.3464448997
2017-01-18,108.0,88.0,False,False,False,False,,803962.3111228001,0,False,0,0,62,52,42,100,68,36,16,6,0.0,1,0,0,0,0,1,14,True,0,0,0,0,0,1,0,1,0,0,0,0,0,0,1,1,0,0,1,0,0,1,1,0,3844,2704,1764,10000,4624,1296,256,36,0.0,,1210539.80447878
2017-01-19,104.0,105.0,False,False,False,False,,529200.3555119999,0,False,0,0,56,44,32,92,72,51,9,2,0.0,0,0,0,0,0,0,0,False,0,0,0,0,0,0,1,1,0,0,0,0,0,0,0,0,0,0,0,0,0,0,0,0,3136,1936,1024,8464,5184,2601,81,4,0.0,,1488215.6088900003
2017-01-20,109.0,150.0,False,False,False,False,,2130276.124462,1,True,0,0,52,47,41,93,88,82,9,4,0.08,0,1,0,0,0,1,0,False,0,0,0,0,1,0,0,1,0,0,0,0,0,0,0,0,0,0,0,0,0,0,0,0,2704,2209,1681,8649,7744,6724,81,16,0.0064,,1429275.8756244
2017-01-21,122.0,94.0,False,False,False,False,,912659.3421620001,2,True,0,0,52,50,48,100,95,89,7,3,0.02,0,0,0,0,0,0,15,True,1,0,0,0,0,0,0,1,0,0,0,0,0,0,1,0,1,0,1,0,0,1,1,0,2704,2500,2304,10000,9025,7921,49,9,0.0004,,732697.6000267002
2017-01-22,69.0,74.0,False,False,False,False,,1185149.155551,1,True,0,0,54,52,49,100,95,89,12,6,0.17,0,0,0,0,0,0,0,False,0,0,1,0,0,0,0,1,0,0,0,0,0,0,0,0,0,0,0,0,0,0,0,0,2916,2704,2401,10000,9025,7921,144,36,0.028900000000000006,,406236.160019
2017-01-23,55.0,95.0,False,False,False,False,,282410.6667086,1,True,0,0,51,45,38,93,82,70,32,15,1.21,0,1,0,0,0,1,0,False,0,0,0,1,0,0,0,1,0,0,0,0,0,0,0,0,0,0,0,0,0,0,0,0,2601,2025,1444,8649,6724,4900,1024,225,1.4641,,929299.342104
2017-01-24,96.0,83.0,False,False,False,False,,527716.6933609999,1,True,0,0,57,48,39,85,66,47,17,8,0.0,0,0,0,0,0,0,16,True,0,1,0,0,0,0,0,1,0,0,0,0,0,0,1,1,0,0,0,1,0,1,1,0,3249,2304,1521,7225,4356,2209,289,64,0.0,,997058.56006
2017-01-25,135.0,108.0,False,False,False,False,,1946257.0671266997,1,True,0,0,70,55,40,67,44,20,14,6,0.0,0,0,0,0,0,0,0,False,0,0,0,0,0,1,0,1,0,0,0,0,0,0,0,0,0,0,0,0,0,0,0,0,4900,3025,1600,4489,1936,400,196,36,0.0,,803962.3111228001
2017-01-26,119.0,104.0,False,False,False,False,,985710.933402,3,True,0,0,63,52,40,57,44,30,22,9,0.0,0,1,0,0,0,1,0,False,0,0,0,0,0,0,1,1,0,0,0,0,0,0,0,0,0,0,0,0,0,0,0,0,3969,2704,1600,3249,1936,900,484,81,0.0,,529200.3555119999
2017-01-27,97.0,109.0,False,False,False,False,,839787.52003,1,True,0,0,46,41,35,51,42,33,13,6,0.0,0,0,0,0,0,0,0,False,0,0,0,0,1,0,0,1,0,0,0,0,0,0,0,0,0,0,0,0,0,0,0,0,2116,1681,1225,2601,1764,1089,169,36,0.0,,2130276.124462
2017-01-28,88.0,122.0,False,False,False,False,,1000371.768814,2,True,0,0,50,41,32,54,42,29,14,6,0.0,0,0,0,0,0,0,0,False,1,0,0,0,0,0,0,1,0,0,0,0,0,0,0,0,0,0,0,0,0,0,0,0,2500,1681,1024,2916,1764,841,196,36,0.0,,912659.3421620001
2017-01-29,61.0,69.0,False,False,False,False,,1294394.595609,1,True,0,0,47,39,31,89,63,37,12,4,0.03,0,0,0,0,0,0,16,True,0,0,1,0,0,0,0,1,0,0,0,0,0,0,1,1,0,0,0,1,1,0,0,1,2209,1521,961,7921,3969,1369,144,16,0.0009,,1185149.155551
2017-01-30,61.0,55.0,False,False,False,False,,260287.14667199997,0,False,0,0,39,33,26,78,53,27,18,5,0.0,0,0,1,0,0,1,0,False,0,0,0,1,0,0,0,1,0,0,0,0,0,0,0,0,0,0,0,0,0,0,0,0,1521,1089,676,6084,2809,729,324,25,0.0,,282410.6667086
2017-01-31,138.0,96.0,False,False,False,False,,2475732.764074,0,False,0,0,63,44,25,69,44,19,21,5,0.0,0,0,0,0,0,0,0,False,0,1,0,0,0,0,0,1,0,0,0,0,0,0,0,0,0,0,0,0,0,0,0,0,3969,1936,625,4761,1936,361,441,25,0.0,,527716.6933609999
2017-02-01,85.0,135.0,False,False,False,False,,774599.6800433,0,False,0,0,59,53,46,50,36,21,14,4,0.0,0,0,0,0,0,0,17,True,0,0,0,0,0,1,0,1,0,0,0,0,0,0,1,0,1,0,1,0,0,1,1,0,3481,2809,2116,2500,1296,441,196,16,0.0,,1946257.0671266997
2017-02-02,92.0,119.0,False,False,False,False,446.0,1031739.733333,1,True,0,0,55,47,38,57,38,19,13,6,0.0,0,0,0,0,0,0,0,False,0,0,0,0,0,0,1,1,0,0,0,0,0,0,0,0,0,0,0,0,0,0,0,0,3025,2209,1444,3249,1444,361,169,36,0.0,,985710.933402
2017-02-03,104.0,97.0,False,False,False,False,501.0,738263.03999996,0,False,0,0,40,35,29,52,40,27,13,6,0.0,0,0,0,0,0,0,0,False,0,0,0,0,1,0,0,1,0,0,0,0,0,0,0,0,0,0,0,0,0,0,0,0,1600,1225,841,2704,1600,729,169,36,0.0,,839787.52003
2017-02-04,87.0,88.0,False,False,False,False,635.0,1043649.42215,1,True,0,0,44,32,20,52,35,18,15,5,0.0,0,0,0,0,0,0,17,True,1,0,0,0,0,0,0,1,0,0,0,0,0,0,1,1,0,0,1,0,1,0,0,1,1936,1024,400,2704,1225,324,225,25,0.0,,1000371.768814
2017-02-05,58.0,61.0,False,False,False,False,383.0,1237539.83996,0,False,0,0,56,43,30,49,41,32,15,8,0.0,0,0,0,0,0,0,0,False,0,0,1,0,0,0,0,1,0,0,0,0,0,0,0,0,0,0,0,0,0,0,0,0,3136,1849,900,2401,1681,1024,225,64,0.0,,1294394.595609
2017-02-06,98.0,61.0,False,False,False,False,664.0,1006347.9467270001,0,False,0,0,68,50,32,70,48,26,15,6,0.0,0,0,0,0,0,0,18,True,0,0,0,1,0,0,0,1,0,0,0,0,0,0,1,0,1,0,0,1,0,1,1,0,4624,2500,1024,4900,2304,676,225,36,0.0,,260287.14667199997
2017-02-07,99.0,138.0,False,False,False,False,606.0,1733525.6177088998,0,False,0,0,75,64,52,63,53,43,26,13,0.0,0,0,0,0,0,0,0,False,0,1,0,0,0,0,0,1,0,0,0,0,0,0,0,0,0,0,0,0,0,0,0,0,5625,4096,2704,3969,2809,1849,676,169,0.0,,2475732.764074
2017-02-08,154.0,85.0,False,False,False,False,1033.0,2470661.68869,0,False,0,0,73,64,54,72,51,29,15,7,0.01,0,1,0,0,0,1,0,False,0,0,0,0,0,1,0,1,0,0,0,0,0,0,0,0,0,0,0,0,0,0,0,0,5329,4096,2916,5184,2601,841,225,49,0.0001,,774599.6800433
2017-02-09,78.0,92.0,False,False,False,False,400.0,727882.5243699999,1,True,0,0,54,40,25,89,58,27,23,11,0.2,0,1,0,0,0,1,0,False,0,0,0,0,0,0,1,1,0,0,0,0,0,0,0,0,0,0,0,0,0,0,0,0,2916,1600,625,7921,3364,729,529,121,0.040000000000000015,446.0,1031739.733333
2017-02-10,115.0,104.0,False,False,False,False,654.0,815620.551156,3,True,0,0,36,29,21,50,38,26,15,6,0.0,0,0,0,0,0,0,0,False,0,0,0,0,1,0,0,1,0,0,0,0,0,0,0,0,0,0,0,0,0,0,0,0,1296,841,441,2500,1444,676,225,36,0.0,501.0,738263.03999996
2017-02-11,119.0,87.0,False,False,False,False,871.0,2136633.4581,2,True,0,0,71,52,33,61,48,35,13,6,0.0,0,0,0,0,0,0,0,False,1,0,0,0,0,0,0,1,0,0,0,0,0,0,0,0,0,0,0,0,0,0,0,0,5041,2704,1089,3721,2304,1225,169,36,0.0,635.0,1043649.42215
2017-02-12,132.0,58.0,False,False,False,False,1033.0,1618735.2177167,0,False,0,0,82,66,50,77,56,35,23,8,0.0,0,1,0,0,0,1,18,True,0,0,1,0,0,0,0,1,0,0,0,0,0,0,1,1,0,0,1,0,1,0,0,1,6724,4356,2500,5929,3136,1225,529,64,0.0,383.0,1237539.83996
2017-02-13,98.0,98.0,False,False,False,False,590.0,1248198.5421570002,0,False,0,0,55,47,38,38,27,16,24,8,0.0,0,0,0,0,0,0,0,False,0,0,0,1,0,0,0,1,0,0,0,0,0,0,0,0,0,0,0,0,0,0,0,0,3025,2209,1444,1444,729,256,576,64,0.0,664.0,1006347.9467270001
2017-02-14,89.0,99.0,False,False,False,False,646.0,1021700.551151,0,False,0,0,50,43,35,56,43,29,16,6,0.0,0,0,0,0,0,0,0,False,0,1,0,0,0,0,0,1,0,0,0,0,0,0,0,0,0,0,0,0,0,0,0,0,2500,1849,1225,3136,1849,841,256,36,0.0,606.0,1733525.6177088998
2017-02-15,92.0,154.0,False,False,False,False,574.0,949085.297805,0,False,0,0,56,47,38,70,47,23,18,8,0.0,0,0,0,0,0,0,18,True,0,0,0,0,0,1,0,1,0,0,0,0,0,0,1,0,1,0,0,1,1,0,1,0,3136,2209,1444,4900,2209,529,324,64,0.0,1033.0,2470661.68869
2017-02-16,81.0,78.0,False,False,False,False,427.0,1941364.053557,1,True,0,0,45,38,31,47,36,25,17,7,0.0,0,0,0,0,0,0,0,False,0,0,0,0,0,0,1,1,0,0,0,0,0,0,0,0,0,0,0,0,0,0,0,0,2025,1444,961,2209,1296,625,289,49,0.0,400.0,727882.5243699999
2017-02-17,140.0,115.0,False,False,False,False,1140.0,2621641.95586644,1,True,0,0,65,47,29,63,43,22,14,4,0.0,0,0,0,0,0,0,0,False,0,0,0,0,1,0,0,1,0,0,0,0,0,0,0,0,0,0,0,0,0,0,0,0,4225,2209,841,3969,1849,484,196,16,0.0,654.0,815620.551156
2017-02-18,162.0,119.0,False,False,False,False,1073.0,1746726.1155470002,1,True,0,0,73,53,32,70,45,19,13,4,0.0,0,0,0,0,0,0,18,True,1,0,0,0,0,0,0,1,0,0,0,0,0,0,1,1,0,0,0,1,1,0,1,0,5329,2809,1024,4900,2025,361,169,16,0.0,871.0,2136633.4581
2017-02-19,147.0,132.0,False,False,False,False,1095.0,1542155.3777790002,1,True,0,0,74,63,52,61,45,28,13,6,0.0,0,0,0,0,0,0,0,False,0,0,1,0,0,0,0,1,0,0,0,0,0,0,0,0,0,0,0,0,0,0,0,0,5476,3969,2704,3721,2025,784,169,36,0.0,1033.0,1618735.2177167
2017-02-20,138.0,98.0,True,False,False,False,926.0,2056516.2666176998,0,False,0,0,74,61,48,59,40,20,13,4,0.0,0,0,0,0,0,0,18,True,0,0,0,1,0,0,0,1,0,0,0,0,0,0,1,0,1,0,1,0,1,0,0,1,5476,3721,2304,3481,1600,400,169,16,0.0,590.0,1248198.5421570002
2017-02-21,112.0,89.0,False,False,False,False,748.0,2037716.1956000042,1,True,0,0,62,52,41,70,55,39,14,5,0.0,0,0,0,0,0,0,0,False,0,1,0,0,0,0,0,1,0,0,0,0,0,0,0,0,0,0,0,0,0,0,0,0,3844,2704,1681,4900,3025,1521,196,25,0.0,646.0,1021700.551151
2017-02-22,94.0,92.0,False,False,False,False,590.0,1363107.2711321998,1,True,0,0,64,56,47,93,76,59,13,7,0.03,0,1,0,0,0,1,0,False,0,0,0,0,0,1,0,1,0,0,0,0,0,0,0,0,0,0,0,0,0,0,0,0,4096,3136,2209,8649,5776,3481,169,49,0.0009,574.0,949085.297805
2017-02-23,155.0,81.0,False,False,False,False,1251.0,2731979.66214033,1,True,0,0,78,65,52,100,70,40,17,8,0.0,0,0,0,0,0,0,0,False,0,0,0,0,0,0,1,1,0,0,0,0,0,0,0,0,0,0,0,0,0,0,0,0,6084,4225,2704,10000,4900,1600,289,64,0.0,427.0,1941364.053557
2017-02-24,191.0,140.0,False,False,False,False,1378.0,2252290.8444156004,0,False,0,0,78,65,52,89,64,39,21,9,0.0,0,0,0,0,0,0,0,False,0,0,0,0,1,0,0,1,0,0,0,0,0,0,0,0,0,0,0,0,0,0,0,0,6084,4225,2704,7921,4096,1521,441,81,0.0,1140.0,2621641.95586644
2017-02-25,116.0,162.0,False,False,False,False,899.0,2002462.7199799998,1,True,0,0,75,59,42,84,56,28,26,12,0.21,0,0,0,0,0,0,19,True,1,0,0,0,0,0,0,1,0,0,0,0,0,0,1,1,0,0,1,0,0,1,1,0,5625,3481,1764,7056,3136,784,676,144,0.044099999999999986,1073.0,1746726.1155470002
2017-02-26,75.0,147.0,False,False,False,False,505.0,1070749.0133604,2,True,0,0,54,44,33,51,34,17,14,5,0.0,0,0,0,0,0,0,0,False,0,0,1,0,0,0,0,1,0,0,0,0,0,0,0,0,0,0,0,0,0,0,0,0,2916,1936,1089,2601,1156,289,196,25,0.0,1095.0,1542155.3777790002
2017-02-27,87.0,138.0,False,False,False,False,522.0,849169.06671,0,False,0,0,58,43,28,69,47,24,16,3,0.0,0,0,0,0,0,0,20,True,0,0,0,1,0,0,0,1,0,0,0,0,0,0,1,0,1,0,0,1,0,1,1,0,3364,1849,784,4761,2209,576,256,9,0.0,926.0,2056516.2666176998
2017-02-28,93.0,112.0,False,False,False,False,842.0,1240234.6665956,0,False,0,0,70,55,39,93,64,34,15,4,0.19,0,1,0,0,0,1,0,False,0,1,0,0,0,0,0,1,0,0,0,0,0,0,0,0,0,0,0,0,0,0,0,0,4900,3025,1521,8649,4096,1156,225,16,0.0361,748.0,2037716.1956000042
2017-03-01,106.0,94.0,False,False,False,False,745.0,1579758.9333222,0,False,0,0,77,65,53,93,76,58,25,13,0.21,0,0,0,0,0,0,0,False,0,0,0,0,0,1,0,1,0,0,0,0,0,0,0,0,0,0,0,0,0,0,0,0,5929,4225,2809,8649,5776,3364,625,169,0.044099999999999986,590.0,1363107.2711321998
2017-03-02,110.0,155.0,False,False,False,False,773.0,1493997.79555,1,True,0,0,63,51,38,39,32,24,18,8,0.0,0,0,0,0,0,0,0,False,0,0,0,0,0,0,1,1,0,0,0,0,0,0,0,0,0,0,0,0,0,0,0,0,3969,2601,1444,1521,1024,576,324,64,0.0,1251.0,2731979.66214033
2017-03-03,96.0,191.0,False,False,False,False,574.0,1874796.657798,0,False,0,0,45,39,33,64,44,24,18,7,0.0,0,0,0,0,0,0,0,False,0,0,0,0,1,0,0,1,0,0,0,0,0,0,0,0,0,0,0,0,0,0,0,0,2025,1521,1089,4096,1936,576,324,49,0.0,1378.0,2252290.8444156004
2017-03-04,97.0,116.0,False,False,False,False,795.0,4198574.6492,0,False,0,0,49,37,25,50,33,15,14,4,0.0,0,0,0,0,0,0,21,True,1,0,0,0,0,0,0,1,0,0,0,0,0,0,1,0,1,0,1,0,0,1,1,0,2401,1369,625,2500,1089,225,196,16,0.0,899.0,2002462.7199799998
2017-03-05,53.0,75.0,False,False,False,False,339.0,2214664.5334440004,1,True,0,0,46,36,25,50,39,27,9,4,0.0,0,0,0,0,0,0,0,False,0,0,1,0,0,0,0,1,0,0,0,0,0,0,0,0,0,0,0,0,0,0,0,0,2116,1296,625,2500,1521,729,81,16,0.0,505.0,1070749.0133604
2017-03-06,82.0,87.0,False,False,False,False,494.0,1266810.31108,0,False,0,0,55,43,30,63,49,35,8,3,0.0,0,0,0,0,0,0,0,False,0,0,0,1,0,0,0,1,0,0,0,0,0,0,0,0,0,0,0,0,0,0,0,0,3025,1849,900,3969,2401,1225,64,9,0.0,522.0,849169.06671
2017-03-07,97.0,93.0,False,False,False,False,516.0,1857944.4622711109,0,False,0,0,68,56,44,93,73,52,25,11,0.08,0,1,0,0,0,1,0,False,0,1,0,0,0,0,0,1,0,0,0,0,0,0,0,0,0,0,0,0,0,0,0,0,4624,3136,1936,8649,5329,2704,625,121,0.0064,842.0,1240234.6665956
2017-03-08,127.0,106.0,False,False,False,False,955.0,1826726.68453,0,False,0,0,68,60,51,80,47,14,21,9,0.0,0,1,0,0,0,1,22,True,0,0,0,0,0,1,0,1,0,0,0,1,0,0,0,0,0,1,1,0,0,1,1,0,4624,3600,2601,6400,2209,196,441,81,0.0,745.0,1579758.9333222
2017-03-09,128.0,110.0,False,False,False,False,1006.0,3808748.6576333,1,True,0,0,73,61,48,31,23,14,16,6,0.0,0,0,0,0,0,0,22,True,0,0,0,0,0,0,1,1,0,0,0,1,0,0,0,0,0,1,0,1,1,0,1,0,5329,3721,2304,961,529,196,256,36,0.0,773.0,1493997.79555
2017-03-10,101.0,96.0,False,False,False,False,838.0,1614213.6890679996,0,False,0,0,56,46,36,49,38,26,23,9,0.01,0,1,0,0,0,1,0,False,0,0,0,0,1,0,0,1,0,0,0,0,0,0,0,0,0,0,0,0,0,0,0,0,3136,2116,1296,2401,1444,676,529,81,0.0001,574.0,1874796.657798
2017-03-11,114.0,97.0,False,False,False,False,612.0,712401.351138,0,False,0,0,47,38,28,39,27,14,15,6,0.0,0,0,0,0,0,0,0,False,1,0,0,0,0,0,0,1,0,0,0,0,0,0,0,0,0,0,0,0,0,0,0,0,2209,1444,784,1521,729,196,225,36,0.0,795.0,4198574.6492
2017-03-12,62.0,53.0,False,False,False,False,417.0,888515.6977304001,1,True,0,0,48,37,26,50,34,18,14,6,0.0,0,0,0,0,0,0,0,False,0,0,1,0,0,0,0,1,0,0,0,0,0,0,0,0,0,0,0,0,0,0,0,0,2304,1369,676,2500,1156,324,196,36,0.0,339.0,2214664.5334440004
2017-03-13,66.0,82.0,False,False,False,False,558.0,521650.0622529,1,True,0,0,48,36,25,93,65,29,17,7,0.17,0,0,0,0,0,0,0,False,0,0,0,1,0,0,0,1,0,0,0,0,0,0,0,0,0,0,0,0,0,0,0,0,2304,1296,625,8649,4225,841,289,49,0.028900000000000006,494.0,1266810.31108
2017-03-14,63.0,97.0,False,False,False,False,380.0,1137202.062215,0,False,0,0,46,36,25,100,67,34,23,9,0.34,0,0,0,0,0,0,0,False,0,1,0,0,0,0,0,1,0,0,0,0,0,0,0,0,0,0,0,0,0,0,0,0,2116,1296,625,10000,4489,1156,529,81,0.11560000000000002,516.0,1857944.4622711109
2017-03-15,75.0,127.0,False,False,False,False,368.0,3697419.3776444,1,True,0,0,37,29,21,42,32,21,21,11,0.0,0,0,0,0,0,0,0,False,0,0,0,0,0,1,0,1,0,0,0,0,0,0,0,0,0,0,0,0,0,0,0,0,1369,841,441,1764,1024,441,441,121,0.0,955.0,1826726.68453
2017-03-16,107.0,128.0,False,False,False,False,703.0,8058509.6525,0,False,0,0,45,35,24,50,36,22,17,6,0.0,0,0,0,0,0,0,23,True,0,0,0,0,0,0,1,1,0,0,0,0,1,0,0,0,0,1,1,0,0,1,0,1,2025,1225,576,2500,1296,484,289,36,0.0,1006.0,3808748.6576333
2017-03-17,113.0,101.0,False,False,False,False,791.0,1324629.333387,1,True,0,0,53,41,28,85,52,18,16,4,0.02,0,1,0,0,0,1,0,False,0,0,0,0,1,0,0,1,0,0,0,0,0,0,0,0,0,0,0,0,0,0,0,0,2809,1681,784,7225,2704,324,256,16,0.0004,838.0,1614213.6890679996
2017-03-18,130.0,114.0,False,False,False,False,855.0,4457747.342642,1,True,0,0,67,52,37,92,65,37,18,5,0.24,0,0,0,0,0,0,23,True,1,0,0,0,0,0,0,1,0,0,0,0,1,0,0,0,0,1,1,0,1,0,1,0,4489,2704,1369,8464,4225,1369,324,25,0.0576,612.0,712401.351138
2017-03-19,81.0,62.0,False,False,False,False,649.0,1637343.57346,1,True,0,0,55,49,42,65,52,38,17,7,0.0,0,0,0,0,0,0,0,False,0,0,1,0,0,0,0,1,0,0,0,0,0,0,0,0,0,0,0,0,0,0,0,0,3025,2401,1764,4225,2704,1444,289,49,0.0,417.0,888515.6977304001
2017-03-20,100.0,66.0,False,False,False,False,769.0,2574671.6447400004,0,False,0,0,58,45,32,82,58,33,9,3,0.0,0,0,0,0,0,0,0,False,0,0,0,1,0,0,0,1,0,0,0,0,0,0,0,0,0,0,0,0,0,0,0,0,3364,2025,1024,6724,3364,1089,81,9,0.0,558.0,521650.0622529
2017-03-21,119.0,63.0,False,False,False,False,924.0,3053676.6579643996,0,False,0,0,69,57,45,82,62,42,10,4,0.0,0,1,0,0,0,1,0,False,0,1,0,0,0,0,0,1,0,0,0,0,0,0,0,0,0,0,0,0,0,0,0,0,4761,3249,2025,6724,3844,1764,100,16,0.0,380.0,1137202.062215
2017-03-22,103.0,75.0,False,False,False,False,619.0,715527.9644511,1,True,0,0,58,47,36,51,34,17,23,10,0.0,0,0,0,0,0,0,0,False,0,0,0,0,0,1,0,1,0,0,0,0,0,0,0,0,0,0,0,0,0,0,0,0,3364,2209,1296,2601,1156,289,529,100,0.0,368.0,3697419.3776444
2017-03-23,87.0,107.0,False,False,False,False,641.0,1631356.58663,1,True,0,0,52,40,27,42,31,19,13,5,0.0,0,0,0,0,0,0,0,False,0,0,0,0,0,0,1,1,0,0,0,0,0,0,0,0,0,0,0,0,0,0,0,0,2704,1600,729,1764,961,361,169,25,0.0,703.0,8058509.6525
2017-03-24,149.0,113.0,False,False,False,False,1050.0,2516846.364056,1,True,0,0,70,53,35,70,51,31,18,10,0.0,0,1,0,0,0,1,0,False,0,0,0,0,1,0,0,1,0,0,0,0,0,0,0,0,0,0,0,0,0,0,0,0,4900,2809,1225,4900,2601,961,324,100,0.0,791.0,1324629.333387
2017-03-25,215.0,130.0,False,False,False,False,2002.0,7625055.573488899,2,True,0,0,81,68,55,72,54,35,16,8,0.0,0,0,0,0,0,0,0,False,1,0,0,0,0,0,0,1,0,0,0,0,0,0,0,0,0,0,0,0,0,0,0,0,6561,4624,3025,5184,2916,1225,256,64,0.0,855.0,4457747.342642
2017-03-26,99.0,81.0,False,False,False,False,713.0,2449732.83548,2,True,0,0,63,57,50,93,79,65,17,8,0.03,0,1,0,0,0,1,0,False,0,0,1,0,0,0,0,1,0,0,0,0,0,0,0,0,0,0,0,0,0,0,0,0,3969,3249,2500,8649,6241,4225,289,64,0.0009,649.0,1637343.57346
2017-03-27,120.0,100.0,False,False,False,False,892.0,1959716.9779220002,0,False,0,0,78,64,50,100,74,48,18,6,0.03,0,1,0,0,0,1,0,False,0,0,0,1,0,0,0,1,0,0,0,0,0,0,0,0,0,0,0,0,0,0,0,0,6084,4096,2500,10000,5476,2304,324,36,0.0009,769.0,2574671.6447400004
2017-03-28,91.0,119.0,False,False,False,False,743.0,1293691.4488,0,False,0,0,75,66,57,97,72,46,14,5,0.37,0,0,0,0,0,0,0,False,0,1,0,0,0,0,0,1,0,0,0,0,0,0,0,0,0,0,0,0,0,0,0,0,5625,4356,3249,9409,5184,2116,196,25,0.1369,924.0,3053676.6579643996
2017-03-29,156.0,103.0,False,False,False,False,1316.0,6387122.06238,0,False,0,0,72,63,54,86,61,35,13,5,0.0,0,0,0,0,0,0,0,False,0,0,0,0,0,1,0,1,0,0,0,0,0,0,0,0,0,0,0,0,0,0,0,0,5184,3969,2916,7396,3721,1225,169,25,0.0,619.0,715527.9644511
2017-03-30,96.0,87.0,False,False,False,False,624.0,2470690.133471,0,False,0,0,56,53,50,71,59,46,13,6,0.0,0,0,0,0,0,0,0,False,0,0,0,0,0,0,1,1,0,0,0,0,0,0,0,0,0,0,0,0,0,0,0,0,3136,2809,2500,5041,3481,2116,169,36,0.0,641.0,1631356.58663
2017-03-31,116.0,149.0,False,False,False,False,901.0,2768258.8444000003,0,False,0,0,61,54,46,100,83,66,15,4,1.15,0,0,0,0,0,0,0,False,0,0,0,0,1,0,0,1,0,0,0,0,0,0,0,0,0,0,0,0,0,0,0,0,3721,2916,2116,10000,6889,4356,225,16,1.3224999999999998,1050.0,2516846.364056
2017-04-01,180.0,215.0,False,False,False,False,1413.0,6446186.950599999,0,False,0,0,68,59,49,77,59,40,18,8,0.0,0,0,0,0,0,0,0,False,1,0,0,0,0,0,0,0,1,0,0,0,0,0,0,0,0,0,0,0,0,0,0,0,4624,3481,2401,5929,3481,1600,324,64,0.0,2002.0,7625055.573488899
2017-04-02,113.0,99.0,False,False,False,False,994.0,4866343.254,1,True,0,0,67,54,41,82,54,26,13,3,0.0,0,0,0,0,0,0,0,False,0,0,1,0,0,0,0,0,1,0,0,0,0,0,0,0,0,0,0,0,0,0,0,0,4489,2916,1681,6724,2916,676,169,9,0.0,713.0,2449732.83548
2017-04-03,61.0,120.0,False,False,False,False,611.0,1449960.1067199996,0,False,0,0,62,54,45,93,72,50,18,8,0.38,0,1,0,0,0,1,0,False,0,0,0,1,0,0,0,0,1,0,0,0,0,0,0,0,0,0,0,0,0,0,0,0,3844,2916,2025,8649,5184,2500,324,64,0.1444,892.0,1959716.9779220002
2017-04-04,141.0,91.0,False,False,False,False,1466.0,3741029.262501,0,False,0,0,81,68,55,100,64,28,17,8,0.0,0,0,0,0,0,0,0,False,0,1,0,0,0,0,0,0,1,0,0,0,0,0,0,0,0,0,0,0,0,0,0,0,6561,4624,3025,10000,4096,784,289,64,0.0,743.0,1293691.4488
2017-04-05,157.0,156.0,False,False,False,False,1540.0,6321414.8262,0,False,0,0,78,67,55,72,50,28,20,6,0.0,0,0,0,0,0,0,0,False,0,0,0,0,0,1,0,0,1,0,0,0,0,0,0,0,0,0,0,0,0,0,0,0,6084,4489,3025,5184,2500,784,400,36,0.0,1316.0,6387122.06238
2017-04-06,92.0,96.0,False,False,False,False,692.0,2224795.3066,0,False,0,0,66,58,49,93,68,42,18,7,0.58,0,0,0,0,0,0,0,False,0,0,0,0,0,0,1,0,1,0,0,0,0,0,0,0,0,0,0,0,0,0,0,0,4356,3364,2401,8649,4624,1764,324,49,0.3364,624.0,2470690.133471
2017-04-07,106.0,116.0,False,False,False,False,783.0,1914832.213286,0,False,0,0,51,46,41,54,44,33,20,9,0.0,0,0,0,0,0,0,0,False,0,0,0,0,1,0,0,0,1,0,0,0,0,0,0,0,0,0,0,0,0,0,0,0,2601,2116,1681,2916,1936,1089,400,81,0.0,901.0,2768258.8444000003
2017-04-08,172.0,180.0,False,False,False,False,1408.0,4585209.173412,1,True,0,0,69,54,38,48,31,14,13,5,0.0,0,0,0,0,0,0,0,False,1,0,0,0,0,0,0,0,1,0,0,0,0,0,0,0,0,0,0,0,0,0,0,0,4761,2916,1444,2304,961,196,169,25,0.0,1413.0,6446186.950599999
2017-04-09,175.0,113.0,False,False,False,False,1328.0,5506459.87553,0,False,0,0,75,56,37,70,44,17,16,5,0.0,0,0,0,0,0,0,0,False,0,0,1,0,0,0,0,0,1,0,0,0,0,0,0,0,0,0,0,0,0,0,0,0,5625,3136,1369,4900,1936,289,256,25,0.0,994.0,4866343.254
2017-04-10,177.0,61.0,False,False,False,False,1710.0,8236518.4,1,True,0,0,81,65,48,54,39,23,17,10,0.0,0,0,0,0,0,0,0,False,0,0,0,1,0,0,0,0,1,0,0,0,0,0,0,0,0,0,0,0,0,0,0,0,6561,4225,2304,2916,1521,529,289,100,0.0,611.0,1449960.1067199996
2017-04-11,171.0,141.0,False,False,False,False,1472.0,4639124.4800970005,1,True,0,0,87,72,57,67,46,24,17,8,0.0,0,0,0,0,0,0,0,False,0,1,0,0,0,0,0,0,1,0,0,0,0,0,0,0,0,0,0,0,0,0,0,0,7569,5184,3249,4489,2116,576,289,64,0.0,1466.0,3741029.262501
2017-04-12,228.0,157.0,False,False,False,False,1692.0,5744622.36441,1,True,0,0,82,71,60,72,50,28,10,4,0.0,0,1,0,0,0,1,0,False,0,0,0,0,0,1,0,0,1,0,0,0,0,0,0,0,0,0,0,0,0,0,0,0,6724,5041,3600,5184,2500,784,100,16,0.0,1540.0,6321414.8262
2017-04-13,277.0,92.0,False,False,False,False,2782.0,9855034.02764,1,True,0,0,76,65,54,54,39,23,14,5,0.0,0,0,0,0,0,0,0,False,0,0,0,0,0,0,1,0,1,0,0,0,0,0,0,0,0,0,0,0,0,0,0,0,5776,4225,2916,2916,1521,529,196,25,0.0,692.0,2224795.3066
2017-04-14,338.0,106.0,False,False,False,False,3503.0,7859787.093156,1,True,0,0,77,64,51,71,54,36,14,5,0.0,0,0,0,0,0,0,0,False,0,0,0,0,1,0,0,0,1,0,0,0,0,0,0,0,0,0,0,0,0,0,0,0,5929,4096,2601,5041,2916,1296,196,25,0.0,783.0,1914832.213286
2017-04-15,294.0,172.0,False,False,False,False,2761.0,6477316.55055,2,True,0,0,83,69,54,72,57,42,14,5,0.0,0,0,0,0,1,1,0,False,1,0,0,0,0,0,0,0,1,0,0,0,0,0,0,0,0,0,0,0,0,0,0,0,6889,4761,2916,5184,3249,1764,196,25,0.0,1408.0,4585209.173412
2017-04-16,146.0,175.0,False,False,False,False,1444.0,4269992.9598,1,True,0,0,88,75,61,84,56,27,20,8,0.0,0,0,0,0,0,0,0,False,0,0,1,0,0,0,0,0,1,0,0,0,0,0,0,0,0,0,0,0,0,0,0,0,7744,5625,3721,7056,3136,729,400,64,0.0,1328.0,5506459.87553
2017-04-17,140.0,177.0,False,False,False,False,1149.0,7343924.9062600015,0,False,0,0,77,67,56,87,67,46,10,4,0.07,0,1,0,0,0,1,0,False,0,0,0,1,0,0,0,0,1,0,0,0,0,0,0,0,0,0,0,0,0,0,0,0,5929,4489,3136,7569,4489,2116,100,16,0.004900000000000001,1710.0,8236518.4
2017-04-18,163.0,171.0,False,False,False,False,1311.0,5490545.208699998,0,False,0,0,75,63,50,93,61,29,15,7,0.0,0,0,0,0,0,0,0,False,0,1,0,0,0,0,0,0,1,0,0,0,0,0,0,0,0,0,0,0,0,0,0,0,5625,3969,2500,8649,3721,841,225,49,0.0,1472.0,4639124.4800970005
2017-04-19,103.0,228.0,False,False,False,False,901.0,3793905.2084800005,0,False,0,0,59,55,51,93,68,43,14,5,0.08,0,1,0,0,0,1,0,False,0,0,0,0,0,1,0,0,1,0,0,0,0,0,0,0,0,0,0,0,0,0,0,0,3481,3025,2601,8649,4624,1849,196,25,0.0064,1692.0,5744622.36441
2017-04-20,206.0,277.0,False,False,False,False,2244.0,3844429.36867,1,True,0,0,86,71,55,100,72,44,16,6,0.22,0,0,0,0,0,0,0,False,0,0,0,0,0,0,1,0,1,0,0,0,0,0,0,0,0,0,0,0,0,0,0,0,7396,5041,3025,10000,5184,1936,256,36,0.0484,2782.0,9855034.02764
2017-04-21,264.0,338.0,False,False,False,False,2459.0,5372693.618159999,0,False,0,0,88,75,62,93,65,36,16,4,0.06,0,1,0,0,0,1,0,False,0,0,0,0,1,0,0,0,1,0,0,0,0,0,0,0,0,0,0,0,0,0,0,0,7744,5625,3844,8649,4225,1296,256,16,0.0036,3503.0,7859787.093156
2017-04-22,130.0,294.0,False,False,False,False,872.0,3637677.5116,0,False,0,0,72,61,50,93,78,63,16,5,0.31,0,1,0,0,0,1,0,False,1,0,0,0,0,0,0,0,1,0,0,0,0,0,0,0,0,0,0,0,0,0,0,0,5184,3721,2500,8649,6084,3969,256,25,0.0961,2761.0,6477316.55055
2017-04-23,101.0,146.0,False,False,False,False,891.0,3559726.6487,0,False,0,0,58,54,49,96,76,55,15,6,0.05,0,1,0,0,0,1,0,False,0,0,1,0,0,0,0,0,1,0,0,0,0,0,0,0,0,0,0,0,0,0,0,0,3364,2916,2401,9216,5776,3025,225,36,0.0025000000000000005,1444.0,4269992.9598
2017-04-24,46.0,140.0,False,False,False,False,317.0,769492.7644488891,0,False,0,0,54,51,48,93,91,89,21,13,0.75,0,1,0,0,0,1,0,False,0,0,0,1,0,0,0,0,1,0,0,0,0,0,0,0,0,0,0,0,0,0,0,0,2916,2601,2304,8649,8281,7921,441,169,0.5625,1149.0,7343924.9062600015
2017-04-25,100.0,163.0,False,False,False,False,773.0,2511935.14712,0,False,0,0,62,57,52,96,90,84,24,10,0.2,0,1,0,0,0,1,0,False,0,1,0,0,0,0,0,0,1,0,0,0,0,0,0,0,0,0,0,0,0,0,0,0,3844,3249,2704,9216,8100,7056,576,100,0.040000000000000015,1311.0,5490545.208699998
2017-04-26,217.0,103.0,False,False,False,False,1986.0,6824683.519986,0,False,0,0,81,67,52,100,75,49,10,4,0.0,0,1,0,0,0,1,0,False,0,0,0,0,0,1,0,0,1,0,0,0,0,0,0,0,0,0,0,0,0,0,0,0,6561,4489,2704,10000,5625,2401,100,16,0.0,901.0,3793905.2084800005
2017-04-27,201.0,206.0,False,False,False,False,1819.0,3398633.24446,0,False,0,0,84,70,56,100,71,42,24,7,0.1,0,0,0,0,0,0,0,False,0,0,0,0,0,0,1,0,1,0,0,0,0,0,0,0,0,0,0,0,0,0,0,0,7056,4900,3136,10000,5041,1764,576,49,0.010000000000000002,2244.0,3844429.36867
2017-04-28,317.0,264.0,False,False,False,False,2868.0,6793932.2313,0,False,0,0,86,73,59,100,70,40,15,6,0.0,0,0,0,0,0,0,0,False,0,0,0,0,1,0,0,0,1,0,0,0,0,0,0,0,0,0,0,0,0,0,0,0,7396,5329,3481,10000,4900,1600,225,36,0.0,2459.0,5372693.618159999
2017-04-29,212.0,130.0,False,False,False,False,1587.0,5003468.23104,0,False,0,0,90,79,68,90,71,52,15,8,0.0,0,0,0,0,0,0,0,False,1,0,0,0,0,0,0,0,1,0,0,0,0,0,0,0,0,0,0,0,0,0,0,0,8100,6241,4624,8100,5041,2704,225,64,0.0,872.0,3637677.5116
2017-04-30,148.0,101.0,False,False,False,False,1241.0,5894422.18601,0,False,0,0,87,79,70,93,68,43,25,11,0.0,0,0,0,0,0,0,0,False,0,0,1,0,0,0,0,0,1,0,0,0,0,0,0,0,0,0,0,0,0,0,0,0,7569,6241,4900,8649,4624,1849,625,121,0.0,891.0,3559726.6487
2017-05-01,116.0,46.0,False,False,False,False,765.0,3824376.60421,0,False,0,0,79,75,70,90,79,67,23,14,0.29,0,0,0,0,0,0,0,False,0,0,0,1,0,0,0,0,1,0,0,0,0,0,0,0,0,0,0,0,0,0,0,0,6241,5625,4900,8100,6241,4489,529,196,0.0841,317.0,769492.7644488891
2017-05-02,146.0,100.0,False,False,False,False,1362.0,5498870.897922,0,False,0,0,78,69,59,87,54,21,23,7,0.0,0,0,0,0,0,0,0,False,0,1,0,0,0,0,0,0,1,0,0,0,0,0,0,0,0,0,0,0,0,0,0,0,6084,4761,3481,7569,2916,441,529,49,0.0,773.0,2511935.14712
2017-05-03,170.0,217.0,False,False,False,False,1610.0,4954722.4177669985,0,False,0,0,71,62,52,59,45,30,15,6,0.0,0,0,0,0,0,0,0,False,0,0,0,0,0,1,0,0,1,0,0,0,0,0,0,0,0,0,0,0,0,0,0,0,5041,3844,2704,3481,2025,900,225,36,0.0,1986.0,6824683.519986
2017-05-04,118.0,201.0,False,False,False,False,1236.0,3976459.9462809996,0,False,0,0,69,56,43,100,74,48,15,7,1.44,0,1,0,0,0,1,0,False,0,0,0,0,0,0,1,0,1,0,0,0,0,0,0,0,0,0,0,0,0,0,0,0,4761,3136,1849,10000,5476,2304,225,49,2.0736,1819.0,3398633.24446
2017-05-05,222.0,317.0,False,False,False,False,2013.0,3277349.54624,0,False,0,0,80,69,57,100,73,46,21,9,1.79,0,1,0,0,0,1,0,False,0,0,0,0,1,0,0,0,1,0,0,0,0,0,0,0,0,0,0,0,0,0,0,0,6400,4761,3249,10000,5329,2116,441,81,3.2041,2868.0,6793932.2313
2017-05-06,124.0,212.0,False,False,False,False,846.0,3877545.5286778,1,True,0,0,62,56,49,89,67,44,16,6,0.15,0,1,0,0,0,1,0,False,1,0,0,0,0,0,0,0,1,0,0,0,0,0,0,0,0,0,0,0,0,0,0,0,3844,3136,2401,7921,4489,1936,256,36,0.0225,1587.0,5003468.23104
2017-05-07,110.0,148.0,False,False,False,False,1052.0,4685657.884699998,0,False,0,0,66,56,45,74,51,28,17,5,0.0,0,0,0,0,0,0,0,False,0,0,1,0,0,0,0,0,1,0,0,0,0,0,0,0,0,0,0,0,0,0,0,0,4356,3136,2025,5476,2601,784,289,25,0.0,1241.0,5894422.18601
2017-05-08,94.0,116.0,False,False,False,False,568.0,1867558.1156367,0,False,0,0,68,54,39,92,58,24,12,3,0.0,0,1,0,0,0,1,0,False,0,0,0,1,0,0,0,0,1,0,0,0,0,0,0,0,0,0,0,0,0,0,0,0,4624,2916,1521,8464,3364,576,144,9,0.0,765.0,3824376.60421
2017-05-09,157.0,146.0,False,False,False,False,1149.0,2343728.924124,0,False,0,0,71,54,36,85,56,26,21,4,0.0,0,0,0,0,0,0,0,False,0,1,0,0,0,0,0,0,1,0,0,0,0,0,0,0,0,0,0,0,0,0,0,0,5041,2916,1296,7225,3136,676,441,16,0.0,1362.0,5498870.897922
2017-05-10,148.0,170.0,False,False,False,False,1384.0,4039096.888967,0,False,0,0,78,62,45,93,63,33,10,2,0.09,0,1,0,0,0,1,0,False,0,0,0,0,0,1,0,0,1,0,0,0,0,0,0,0,0,0,0,0,0,0,0,0,6084,3844,2025,8649,3969,1089,100,4,0.0081,1610.0,4954722.4177669985
2017-05-11,99.0,118.0,False,False,False,False,643.0,1770688.85327,1,True,0,0,60,56,52,100,94,87,14,6,0.15,0,1,0,0,0,1,0,False,0,0,0,0,0,0,1,0,1,0,0,0,0,0,0,0,0,0,0,0,0,0,0,0,3600,3136,2704,10000,8836,7569,196,36,0.0225,1236.0,3976459.9462809996
2017-05-12,84.0,222.0,False,False,False,False,661.0,1620753.63552,1,True,0,0,54,52,50,96,93,89,10,6,0.92,0,1,0,0,0,1,0,False,0,0,0,0,1,0,0,0,1,0,0,0,0,0,0,0,0,0,0,0,0,0,0,0,2916,2704,2500,9216,8649,7921,100,36,0.8464,2013.0,3277349.54624
2017-05-13,155.0,124.0,False,False,False,False,1264.0,3957784.4623300005,1,True,0,0,69,59,49,93,71,48,14,5,0.12,0,1,0,0,0,1,0,False,1,0,0,0,0,0,0,0,1,0,0,0,0,0,0,0,0,0,0,0,0,0,0,0,4761,3481,2401,8649,5041,2304,196,25,0.0144,846.0,3877545.5286778
2017-05-14,159.0,110.0,False,False,False,False,1394.0,5286333.440959998,0,False,0,0,84,66,48,93,59,24,17,6,0.0,0,0,0,0,0,0,0,False,0,0,1,0,0,0,0,0,1,0,0,0,0,0,0,0,0,0,0,0,0,0,0,0,7056,4356,2304,8649,3481,576,289,36,0.0,1052.0,4685657.884699998
2017-05-15,167.0,94.0,False,False,False,False,1379.0,4690533.831099999,0,False,0,0,81,69,57,56,35,14,14,5,0.0,0,0,0,0,0,0,0,False,0,0,0,1,0,0,0,0,1,0,0,0,0,0,0,0,0,0,0,0,0,0,0,0,6561,4761,3249,3136,1225,196,196,25,0.0,568.0,1867558.1156367
2017-05-16,224.0,157.0,False,False,False,False,1701.0,4771664.21334,0,False,0,0,83,65,46,86,60,33,16,5,0.0,0,0,0,0,0,0,0,False,0,1,0,0,0,0,0,0,1,0,0,0,0,0,0,0,0,0,0,0,0,0,0,0,6889,4225,2116,7396,3600,1089,256,25,0.0,1149.0,2343728.924124
2017-05-17,177.0,148.0,False,False,False,False,1240.0,4757664.9951100005,0,False,0,0,93,77,60,90,62,33,20,8,0.0,0,0,0,0,0,0,0,False,0,0,0,0,0,1,0,0,1,0,0,0,0,0,0,0,0,0,0,0,0,0,0,0,8649,5929,3600,8100,3844,1089,400,64,0.0,1384.0,4039096.888967
2017-05-18,144.0,99.0,False,False,False,False,1337.0,7038681.8835,0,False,0,0,90,78,66,74,61,47,21,9,0.0,0,0,0,0,0,0,0,False,0,0,0,0,0,0,1,0,1,0,0,0,0,0,0,0,0,0,0,0,0,0,0,0,8100,6084,4356,5476,3721,2209,441,81,0.0,643.0,1770688.85327
2017-05-19,245.0,84.0,False,False,False,False,2194.0,5726243.271111,0,False,0,0,93,80,67,87,63,38,14,4,0.0,0,0,0,0,1,1,0,False,0,0,0,0,1,0,0,0,1,0,0,0,0,0,0,0,0,0,0,0,0,0,0,0,8649,6400,4489,7569,3969,1444,196,16,0.0,661.0,1620753.63552
2017-05-20,158.0,155.0,False,False,False,False,1316.0,3937627.02189,0,False,0,0,78,72,65,93,78,63,20,8,0.0,0,0,0,0,0,0,0,False,1,0,0,0,0,0,0,0,1,0,0,0,0,0,0,0,0,0,0,0,0,0,0,0,6084,5184,4225,8649,6084,3969,400,64,0.0,1264.0,3957784.4623300005
2017-05-21,107.0,159.0,False,False,False,False,987.0,4798851.982279999,0,False,0,0,68,64,60,78,68,58,12,3,0.0,0,1,0,0,0,1,0,False,0,0,1,0,0,0,0,0,1,0,0,0,0,0,0,0,0,0,0,0,0,0,0,0,4624,4096,3600,6084,4624,3364,144,9,0.0,1394.0,5286333.440959998
2017-05-22,135.0,167.0,False,False,False,False,1048.0,4183306.8086599996,0,False,0,0,79,70,60,97,83,69,10,3,0.55,0,1,0,0,0,1,0,False,0,0,0,1,0,0,0,0,1,0,0,0,0,0,0,0,0,0,0,0,0,0,0,0,6241,4900,3600,9409,6889,4761,100,9,0.30250000000000005,1379.0,4690533.831099999
2017-05-23,107.0,224.0,False,False,False,False,939.0,3210324.1955,0,False,0,0,68,64,60,97,85,72,14,6,0.56,0,1,0,0,0,1,0,False,0,1,0,0,0,0,0,0,1,0,0,0,0,0,0,0,0,0,0,0,0,0,0,0,4624,4096,3600,9409,7225,5184,196,36,0.31360000000000005,1701.0,4771664.21334
2017-05-24,113.0,177.0,False,False,False,False,935.0,2903796.62237,0,False,0,0,63,60,57,100,92,84,15,7,0.81,0,1,0,0,0,1,0,False,0,0,0,0,0,1,0,0,1,0,0,0,0,0,0,0,0,0,0,0,0,0,0,0,3969,3600,3249,10000,8464,7056,225,49,0.6561000000000001,1240.0,4757664.9951100005
2017-05-25,142.0,144.0,False,False,False,False,933.0,2965595.5907267,0,False,0,0,72,65,58,93,75,57,13,5,1.12,0,0,0,0,0,0,0,False,0,0,0,0,0,0,1,0,1,0,0,0,0,0,0,0,0,0,0,0,0,0,0,0,5184,4225,3364,8649,5625,3249,169,25,1.2544000000000002,1337.0,7038681.8835
2017-05-26,298.0,245.0,False,False,False,False,2855.0,6713672.248400001,0,False,0,0,80,68,56,93,65,37,18,6,0.0,0,0,0,0,0,0,0,False,0,0,0,0,1,0,0,0,1,0,0,0,0,0,0,0,0,0,0,0,0,0,0,0,6400,4624,3136,8649,4225,1369,324,36,0.0,2194.0,5726243.271111
2017-05-27,161.0,158.0,False,False,False,False,1471.0,3595695.21787,0,False,0,0,83,70,57,93,74,54,20,5,0.65,0,0,0,0,0,0,0,False,1,0,0,0,0,0,0,0,1,0,0,0,0,0,0,0,0,0,0,0,0,0,0,0,6889,4900,3249,8649,5476,2916,400,25,0.4225,1316.0,3937627.02189
2017-05-28,104.0,107.0,False,False,False,False,1080.0,2061995.23556,0,False,0,0,70,66,62,100,89,78,10,2,0.14,0,0,0,0,0,0,0,False,0,0,1,0,0,0,0,0,1,0,0,0,0,0,0,0,0,0,0,0,0,0,0,0,4900,4356,3844,10000,7921,6084,100,4,0.019600000000000003,987.0,4798851.982279999
2017-05-29,143.0,135.0,True,False,False,False,1222.0,4008795.022522,0,False,0,0,86,76,65,100,72,43,12,3,0.0,0,0,0,0,0,0,0,False,0,0,0,1,0,0,0,0,1,0,0,0,0,0,0,0,0,0,0,0,0,0,0,0,7396,5776,4225,10000,5184,1849,144,9,0.0,1048.0,4183306.8086599996
2017-05-30,132.0,107.0,False,False,False,False,785.0,3290800.354990001,0,False,0,0,84,74,63,93,72,51,14,5,0.0,0,0,0,0,0,0,0,False,0,1,0,0,0,0,0,0,1,0,0,0,0,0,0,0,0,0,0,0,0,0,0,0,7056,5476,3969,8649,5184,2601,196,25,0.0,939.0,3210324.1955
2017-05-31,141.0,113.0,False,False,False,False,1266.0,3310308.1247223,0,False,0,0,82,73,63,93,69,45,16,3,0.0,0,0,0,0,0,0,0,False,0,0,0,0,0,1,0,0,1,0,0,0,0,0,0,0,0,0,0,0,0,0,0,0,6724,5329,3969,8649,4761,2025,256,9,0.0,935.0,2903796.62237
2017-06-01,191.0,142.0,False,False,False,False,1579.0,7391739.449044,0,False,0,0,85,73,60,90,62,34,12,4,0.0,0,0,0,0,0,0,0,False,0,0,0,0,0,0,1,0,1,0,0,0,0,0,0,0,0,0,0,0,0,0,0,0,7225,5329,3600,8100,3844,1156,144,16,0.0,933.0,2965595.5907267
2017-06-02,275.0,298.0,False,False,False,False,2606.0,6976014.7916,0,False,0,0,85,70,55,93,58,23,12,3,0.0,0,0,0,0,0,0,0,False,0,0,0,0,1,0,0,0,1,0,0,0,0,0,0,0,0,0,0,0,0,0,0,0,7225,4900,3025,8649,3364,529,144,9,0.0,2855.0,6713672.248400001
2017-06-03,218.0,161.0,False,False,False,False,2045.0,4261618.916156,0,False,0,0,87,71,54,83,54,25,12,3,0.0,0,0,0,0,0,0,0,False,1,0,0,0,0,0,0,0,1,0,0,0,0,0,0,0,0,0,0,0,0,0,0,0,7569,5041,2916,6889,2916,625,144,9,0.0,1471.0,3595695.21787
2017-06-04,130.0,104.0,False,False,False,False,1377.0,5938976.4271,0,False,0,0,88,72,55,93,64,34,18,7,0.0,0,0,0,0,0,0,0,False,0,0,1,0,0,0,0,0,1,0,0,0,0,0,0,0,0,0,0,0,0,0,0,0,7744,5184,3025,8649,4096,1156,324,49,0.0,1080.0,2061995.23556
2017-06-05,125.0,143.0,False,False,False,False,780.0,3180533.191029,0,False,0,0,74,70,66,97,83,68,13,4,0.32,0,1,0,0,0,1,0,False,0,0,0,1,0,0,0,0,1,0,0,0,0,0,0,0,0,0,0,0,0,0,0,0,5476,4900,4356,9409,6889,4624,169,16,0.1024,1222.0,4008795.022522
2017-06-06,244.0,132.0,False,False,False,False,1368.0,3830328.3195960005,0,False,0,0,80,71,61,93,65,37,15,5,0.0,0,0,0,0,0,0,0,False,0,1,0,0,0,0,0,0,1,0,0,0,0,0,0,0,0,0,0,0,0,0,0,0,6400,5041,3721,8649,4225,1369,225,25,0.0,785.0,3290800.354990001
2017-06-07,219.0,141.0,False,False,False,False,1584.0,4963882.09783,0,False,0,0,73,64,54,90,72,53,15,6,0.01,0,1,0,0,0,1,0,False,0,0,0,0,0,1,0,0,1,0,0,0,0,0,0,0,0,0,0,0,0,0,0,0,5329,4096,2916,8100,5184,2809,225,36,0.0001,1266.0,3310308.1247223
2017-06-08,212.0,191.0,False,False,False,False,1258.0,2996090.880133,0,False,0,0,74,65,56,93,70,47,13,5,0.0,0,0,0,0,0,0,0,False,0,0,0,0,0,0,1,0,1,0,0,0,0,0,0,0,0,0,0,0,0,0,0,0,5476,4225,3136,8649,4900,2209,169,25,0.0,1579.0,7391739.449044
2017-06-09,303.0,275.0,False,False,False,False,1984.0,4016395.9461400006,0,False,0,0,83,70,57,93,63,33,13,3,0.0,0,0,0,0,0,0,0,False,0,0,0,0,1,0,0,0,1,0,0,0,0,0,0,0,0,0,0,0,0,0,0,0,6889,4900,3249,8649,3969,1089,169,9,0.0,2606.0,6976014.7916
2017-06-10,157.0,218.0,False,False,False,False,1099.0,2168795.591056,0,False,0,0,89,73,56,86,60,34,12,4,0.0,0,0,0,0,0,0,0,False,1,0,0,0,0,0,0,0,1,0,0,0,0,0,0,0,0,0,0,0,0,0,0,0,7921,5329,3136,7396,3600,1156,144,16,0.0,2045.0,4261618.916156
2017-06-11,39.0,130.0,False,False,False,False,254.0,1995103.004471,0,False,0,0,92,78,64,93,65,36,14,5,0.0,0,0,0,0,0,0,0,False,0,0,1,0,0,0,0,0,1,0,0,0,0,0,0,0,0,0,0,0,0,0,0,0,8464,6084,4096,8649,4225,1296,196,25,0.0,1377.0,5938976.4271
2017-06-12,73.0,125.0,False,False,False,False,507.0,1298984.9599388891,0,False,0,0,92,79,66,87,63,38,12,4,0.0,0,0,0,0,0,0,0,False,0,0,0,1,0,0,0,0,1,0,0,0,0,0,0,0,0,0,0,0,0,0,0,0,8464,6241,4356,7569,3969,1444,144,16,0.0,780.0,3180533.191029
2017-06-13,84.0,244.0,False,False,False,False,454.0,3538208.995786,0,False,0,0,94,82,70,84,63,41,16,3,0.0,0,0,0,0,1,1,0,False,0,1,0,0,0,0,0,0,1,0,0,0,0,0,0,0,0,0,0,0,0,0,0,0,8836,6724,4900,7056,3969,1681,256,9,0.0,1368.0,3830328.3195960005
2017-06-14,201.0,219.0,False,False,False,False,1212.0,3430692.408789,0,False,0,0,91,80,69,90,72,53,17,2,0.0,0,0,0,0,1,1,0,False,0,0,0,0,0,1,0,0,1,0,0,0,0,0,0,0,0,0,0,0,0,0,0,0,8281,6400,4761,8100,5184,2809,289,4,0.0,1584.0,4963882.09783
2017-06-15,148.0,212.0,False,False,False,False,1303.0,3170540.0886329995,0,False,0,0,88,79,70,97,76,55,16,4,0.09,0,0,0,0,0,0,0,False,0,0,0,0,0,0,1,0,1,0,0,0,0,0,0,0,0,0,0,0,0,0,0,0,7744,6241,4900,9409,5776,3025,256,16,0.0081,1258.0,2996090.880133
2017-06-16,156.0,303.0,False,False,False,False,1391.0,2904612.97761,0,False,0,0,84,77,69,100,83,65,14,3,1.23,0,0,0,0,0,0,0,False,0,0,0,0,1,0,0,0,1,0,0,0,0,0,0,0,0,0,0,0,0,0,0,0,7056,5929,4761,10000,6889,4225,196,9,1.5129,1984.0,4016395.9461400006
2017-06-17,174.0,157.0,False,False,False,False,1544.0,6502385.209799998,0,False,0,0,86,78,69,100,83,65,17,5,0.09,1,0,0,0,0,1,0,False,1,0,0,0,0,0,0,0,1,0,0,0,0,0,0,0,0,0,0,0,0,0,0,0,7396,6084,4761,10000,6889,4225,289,25,0.0081,1099.0,2168795.591056
2017-06-18,93.0,39.0,False,False,False,False,967.0,2959020.9418,0,False,0,0,90,82,73,100,78,56,18,10,0.08,0,0,0,0,0,0,0,False,0,0,1,0,0,0,0,0,1,0,0,0,0,0,0,0,0,0,0,0,0,0,0,0,8100,6724,5329,10000,6084,3136,324,100,0.0064,254.0,1995103.004471
2017-06-19,117.0,73.0,False,False,False,False,944.0,3698466.1332776714,0,False,0,0,87,79,71,93,77,61,21,9,0.71,0,0,0,0,0,0,0,False,0,0,0,1,0,0,0,0,1,0,0,0,0,0,0,0,0,0,0,0,0,0,0,0,7569,6241,5041,8649,5929,3721,441,81,0.5041,507.0,1298984.9599388891
2017-06-20,198.0,84.0,False,False,False,False,1763.0,6414523.16365556,0,False,0,0,85,76,66,97,69,40,20,6,0.0,0,0,0,0,0,0,0,False,0,1,0,0,0,0,0,0,1,0,0,0,0,0,0,0,0,0,0,0,0,0,0,0,7225,5776,4356,9409,4761,1600,400,36,0.0,454.0,3538208.995786
2017-06-21,144.0,201.0,False,False,False,False,1571.0,3795876.4085333,0,False,0,0,89,78,67,90,65,39,13,6,0.0,0,0,0,0,0,0,0,False,0,0,0,0,0,1,0,0,1,0,0,0,0,0,0,0,0,0,0,0,0,0,0,0,7921,6084,4489,8100,4225,1521,169,36,0.0,1212.0,3430692.408789
2017-06-22,123.0,148.0,False,False,False,False,1204.0,4361739.94654,0,False,0,0,89,80,71,90,70,50,13,5,0.0,0,0,0,0,0,0,0,False,0,0,0,0,0,0,1,0,1,0,0,0,0,0,0,0,0,0,0,0,0,0,0,0,7921,6400,5041,8100,4900,2500,169,25,0.0,1303.0,3170540.0886329995
2017-06-23,188.0,156.0,False,False,False,False,1719.0,4603882.38174,0,False,0,0,87,79,71,93,79,65,20,11,0.05,0,1,0,0,0,1,0,False,0,0,0,0,1,0,0,0,1,0,0,0,0,0,0,0,0,0,0,0,0,0,0,0,7569,6241,5041,8649,6241,4225,400,121,0.0025000000000000005,1391.0,2904612.97761
2017-06-24,179.0,174.0,False,False,False,False,2098.0,6988265.24402,0,False,0,0,87,78,68,87,62,37,18,3,0.02,0,1,0,0,0,1,0,False,1,0,0,0,0,0,0,0,1,0,0,0,0,0,0,0,0,0,0,0,0,0,0,0,7569,6084,4624,7569,3844,1369,324,9,0.0004,1544.0,6502385.209799998
2017-06-25,113.0,93.0,False,False,False,False,1186.0,4370734.64924,0,False,0,0,85,74,63,87,59,31,9,4,0.0,0,0,0,0,0,0,0,False,0,0,1,0,0,0,0,0,1,0,0,0,0,0,0,0,0,0,0,0,0,0,0,0,7225,5476,3969,7569,3481,961,81,16,0.0,967.0,2959020.9418
2017-06-26,117.0,117.0,False,False,False,False,865.0,4065481.95527,0,False,0,0,82,69,55,86,59,31,15,4,0.0,0,0,0,0,0,0,0,False,0,0,0,1,0,0,0,0,1,0,0,0,0,0,0,0,0,0,0,0,0,0,0,0,6724,4761,3025,7396,3481,961,225,16,0.0,944.0,3698466.1332776714
2017-06-27,151.0,198.0,False,False,False,False,1223.0,4587913.10269,0,False,0,0,82,72,62,73,50,26,12,4,0.0,0,0,0,0,0,0,0,False,0,1,0,0,0,0,0,0,1,0,0,0,0,0,0,0,0,0,0,0,0,0,0,0,6724,5184,3844,5329,2500,676,144,16,0.0,1763.0,6414523.16365556
2017-06-28,155.0,144.0,False,False,False,False,1259.0,5202516.195780001,0,False,0,0,82,68,53,86,58,30,12,3,0.0,0,0,0,0,0,0,0,False,0,0,0,0,0,1,0,0,1,0,0,0,0,0,0,0,0,0,0,0,0,0,0,0,6724,4624,2809,7396,3364,900,144,9,0.0,1571.0,3795876.4085333
2017-06-29,147.0,123.0,False,False,False,False,1447.0,6100535.7506,0,False,0,0,90,75,59,84,63,41,20,9,0.0,0,0,0,0,0,0,0,False,0,0,0,0,0,0,1,0,1,0,0,0,0,0,0,0,0,0,0,0,0,0,0,0,8100,5625,3481,7056,3969,1681,400,81,0.0,1204.0,4361739.94654
2017-07-01,141.0,188.0,False,False,False,False,988.0,5569782.329399001,0,False,0,0,94,84,74,100,68,36,15,6,0.0,0,0,0,0,0,0,0,False,1,0,0,0,0,0,0,0,0,1,0,0,0,0,0,0,0,0,0,0,0,0,0,0,8836,7056,5476,10000,4624,1296,225,36,0.0,1719.0,4603882.38174
2017-07-02,120.0,179.0,False,False,False,False,1103.0,5440138.24006,0,False,0,0,89,79,69,87,67,46,13,3,0.0,0,0,0,0,0,0,0,False,0,0,1,0,0,0,0,0,0,1,0,0,0,0,0,0,0,0,0,0,0,0,0,0,7921,6241,4761,7569,4489,2116,169,9,0.0,2098.0,6988265.24402
2017-07-03,116.0,113.0,False,False,False,False,1008.0,5941662.15056,0,False,0,0,93,80,67,90,62,34,12,2,0.0,0,0,0,0,0,0,0,False,0,0,0,1,0,0,0,0,0,1,0,0,0,0,0,0,0,0,0,0,0,0,0,0,8649,6400,4489,8100,3844,1156,144,4,0.0,1186.0,4370734.64924
2017-07-04,89.0,117.0,True,False,True,False,796.0,5741940.05271,0,False,0,0,90,80,70,90,69,47,9,2,0.01,0,0,0,0,0,0,0,False,0,1,0,0,0,0,0,0,0,1,0,0,0,0,0,0,0,0,0,0,0,0,0,0,8100,6400,4900,8100,4761,2209,81,4,0.0001,865.0,4065481.95527
2017-07-05,109.0,151.0,False,False,False,False,814.0,3910006.32857,0,False,0,0,82,77,72,93,81,69,14,5,0.21,0,1,0,0,0,1,0,False,0,0,0,0,0,1,0,0,0,1,0,0,0,0,0,0,0,0,0,0,0,0,0,0,6724,5929,5184,8649,6561,4761,196,25,0.044099999999999986,1223.0,4587913.10269
2017-07-06,179.0,155.0,False,False,False,False,1163.0,5652629.618778,0,False,0,0,89,80,71,100,80,59,13,3,0.02,0,0,0,0,0,0,0,False,0,0,0,0,0,0,1,0,0,1,0,0,0,0,0,0,0,0,0,0,0,0,0,0,7921,6400,5041,10000,6400,3481,169,9,0.0004,1259.0,5202516.195780001
2017-07-07,205.0,147.0,False,False,False,False,1870.0,6115609.0314799985,0,False,0,0,92,83,73,94,66,38,13,4,0.0,0,0,0,0,0,0,0,False,0,0,0,0,1,0,0,0,0,1,0,0,0,0,0,0,0,0,0,0,0,0,0,0,8464,6889,5329,8836,4356,1444,169,16,0.0,1447.0,6100535.7506
2017-07-08,126.0,141.0,False,False,False,False,1065.0,5115301.54669,0,False,0,0,91,80,68,73,55,36,13,4,0.0,0,0,0,0,0,0,0,False,1,0,0,0,0,0,0,0,0,1,0,0,0,0,0,0,0,0,0,0,0,0,0,0,8281,6400,4624,5329,3025,1296,169,16,0.0,988.0,5569782.329399001
2017-07-09,71.0,120.0,False,False,False,False,633.0,2798883.8399,0,False,0,0,88,76,63,87,59,31,12,2,0.0,0,0,0,0,0,0,0,False,0,0,1,0,0,0,0,0,0,1,0,0,0,0,0,0,0,0,0,0,0,0,0,0,7744,5776,3969,7569,3481,961,144,4,0.0,1103.0,5440138.24006
2017-07-10,64.0,116.0,False,False,False,False,676.0,4120334.790609,0,False,0,0,93,78,63,93,62,30,15,4,0.0,0,0,0,0,0,0,0,False,0,0,0,1,0,0,0,0,0,1,0,0,0,0,0,0,0,0,0,0,0,0,0,0,8649,6084,3969,8649,3844,900,225,16,0.0,1008.0,5941662.15056
2017-07-11,93.0,89.0,False,False,False,False,824.0,3890819.982449,0,False,0,0,88,79,69,87,67,46,13,5,0.0,0,0,0,0,0,0,0,False,0,1,0,0,0,0,0,0,0,1,0,0,0,0,0,0,0,0,0,0,0,0,0,0,7744,6241,4761,7569,4489,2116,169,25,0.0,796.0,5741940.05271
2017-07-12,88.0,109.0,False,False,False,False,974.0,3147385.17337,0,False,0,0,97,85,73,79,55,31,12,4,0.0,0,0,0,0,0,0,0,False,0,0,0,0,0,1,0,0,0,1,0,0,0,0,0,0,0,0,0,0,0,0,0,0,9409,7225,5329,6241,3025,961,144,16,0.0,814.0,3910006.32857
2017-07-13,117.0,179.0,False,False,False,False,840.0,5050539.8038599985,0,False,0,0,98,86,73,87,65,42,16,5,0.02,0,0,0,0,1,1,0,False,0,0,0,0,0,0,1,0,0,1,0,0,0,0,0,0,0,0,0,0,0,0,0,0,9604,7396,5329,7569,4225,1764,256,25,0.0004,1163.0,5652629.618778
2017-07-14,191.0,205.0,False,False,False,False,2000.0,6580984.60422,0,False,0,0,100,88,75,94,67,39,23,5,0.89,0,0,0,0,0,0,0,False,0,0,0,0,1,0,0,0,0,1,0,0,0,0,0,0,0,0,0,0,0,0,0,0,10000,7744,5625,8836,4489,1521,529,25,0.7921,1870.0,6115609.0314799985
2017-07-15,164.0,126.0,False,False,False,False,1470.0,6497392.07093,0,False,0,0,92,83,73,93,64,34,10,4,0.0,0,0,0,0,0,0,0,False,1,0,0,0,0,0,0,0,0,1,0,0,0,0,0,0,0,0,0,0,0,0,0,0,8464,6889,5329,8649,4096,1156,100,16,0.0,1065.0,5115301.54669
2017-07-16,109.0,71.0,False,False,False,False,1014.0,4207932.871590001,0,False,0,0,91,80,69,90,64,37,9,3,0.0,0,0,0,0,0,0,0,False,0,0,1,0,0,0,0,0,0,1,0,0,0,0,0,0,0,0,0,0,0,0,0,0,8281,6400,4761,8100,4096,1369,81,9,0.0,633.0,2798883.8399
2017-07-17,103.0,64.0,False,False,False,False,824.0,2474434.56,0,False,0,0,91,80,69,97,72,47,17,3,0.0,0,0,0,0,0,0,0,False,0,0,0,1,0,0,0,0,0,1,0,0,0,0,0,0,0,0,0,0,0,0,0,0,8281,6400,4761,9409,5184,2209,289,9,0.0,676.0,4120334.790609
2017-07-18,117.0,93.0,False,False,False,False,909.0,3409826.702160001,0,False,0,0,95,82,68,90,65,39,17,3,0.0,0,0,0,0,1,1,0,False,0,1,0,0,0,0,0,0,0,1,0,0,0,0,0,0,0,0,0,0,0,0,0,0,9025,6724,4624,8100,4225,1521,289,9,0.0,824.0,3890819.982449
2017-07-19,153.0,88.0,False,False,False,False,1447.0,5357714.7736,0,False,0,0,96,81,66,93,66,39,9,2,0.0,0,0,0,0,0,0,0,False,0,0,0,0,0,1,0,0,0,1,0,0,0,0,0,0,0,0,0,0,0,0,0,0,9216,6561,4356,8649,4356,1521,81,4,0.0,974.0,3147385.17337
2017-07-20,134.0,117.0,False,False,False,False,1014.0,5239686.826200001,0,False,0,0,98,85,71,93,63,33,13,3,0.0,0,1,0,0,0,1,0,False,0,0,0,0,0,0,1,0,0,1,0,0,0,0,0,0,0,0,0,0,0,0,0,0,9604,7225,5041,8649,3969,1089,169,9,0.0,840.0,5050539.8038599985
2017-07-21,145.0,191.0,False,False,False,False,1084.0,3869164.65777,0,False,0,0,98,86,74,87,63,38,20,3,0.23,0,1,0,0,0,1,0,False,0,0,0,0,1,0,0,0,0,1,0,0,0,0,0,0,0,0,0,0,0,0,0,0,9604,7396,5476,7569,3969,1444,400,9,0.0529,2000.0,6580984.60422
2017-07-22,105.0,164.0,False,False,False,False,1162.0,7359836.1598,0,False,0,0,98,86,73,87,65,42,17,5,0.05,0,0,0,0,1,1,0,False,1,0,0,0,0,0,0,0,0,1,0,0,0,0,0,0,0,0,0,0,0,0,0,0,9604,7396,5329,7569,4225,1764,289,25,0.0025000000000000005,1470.0,6497392.07093
2017-07-23,126.0,109.0,False,False,False,False,1239.0,4331428.976811,0,False,0,0,94,84,74,94,68,41,21,3,0.0,0,1,0,0,0,1,0,False,0,0,1,0,0,0,0,0,0,1,0,0,0,0,0,0,0,0,0,0,0,0,0,0,8836,7056,5476,8836,4624,1681,441,9,0.0,1014.0,4207932.871590001
2017-07-24,119.0,103.0,False,False,False,False,916.0,5444549.40443,0,False,0,0,92,83,73,87,68,49,26,6,0.37,0,0,0,0,0,0,0,False,0,0,0,1,0,0,0,0,0,1,0,0,0,0,0,0,0,0,0,0,0,0,0,0,8464,6889,5329,7569,4624,2401,676,36,0.1369,824.0,2474434.56
2017-07-25,157.0,117.0,False,False,False,False,1412.0,7002101.760009998,0,False,0,0,86,76,66,84,61,37,15,6,0.0,0,0,0,0,0,0,0,False,0,1,0,0,0,0,0,0,0,1,0,0,0,0,0,0,0,0,0,0,0,0,0,0,7396,5776,4356,7056,3721,1369,225,36,0.0,909.0,3409826.702160001
2017-07-26,164.0,153.0,False,False,False,False,1270.0,7605368.605109,0,False,0,0,86,74,62,93,72,51,12,2,0.0,0,0,0,0,0,0,0,False,0,0,0,0,0,1,0,0,0,1,0,0,0,0,0,0,0,0,0,0,0,0,0,0,7396,5476,3844,8649,5184,2601,144,4,0.0,1447.0,5357714.7736
2017-07-27,153.0,134.0,False,False,False,False,1167.0,7571852.5156999985,0,False,0,0,88,78,68,97,76,55,12,3,0.02,0,1,0,0,0,1,0,False,0,0,0,0,0,0,1,0,0,1,0,0,0,0,0,0,0,0,0,0,0,0,0,0,7744,6084,4624,9409,5776,3025,144,9,0.0004,1014.0,5239686.826200001
2017-07-28,105.0,145.0,False,False,False,False,635.0,2396639.5733,0,False,0,0,86,79,72,93,77,61,12,3,2.01,0,0,0,0,0,0,0,False,0,0,0,0,1,0,0,0,0,1,0,0,0,0,0,0,0,0,0,0,0,0,0,0,7396,6241,5184,8649,5929,3721,144,9,4.040099999999999,1084.0,3869164.65777
2017-07-29,142.0,105.0,False,False,False,False,959.0,2541456.49779,0,False,0,0,80,72,63,93,74,54,23,8,0.01,0,1,0,0,0,1,0,False,1,0,0,0,0,0,0,0,0,1,0,0,0,0,0,0,0,0,0,0,0,0,0,0,6400,5184,3969,8649,5476,2916,529,64,0.0001,1162.0,7359836.1598
2017-07-30,153.0,126.0,False,False,False,False,1565.0,5981054.29260444,0,False,0,0,84,70,56,87,61,34,12,3,0.0,0,0,0,0,0,0,0,False,0,0,1,0,0,0,0,0,0,1,0,0,0,0,0,0,0,0,0,0,0,0,0,0,7056,4900,3136,7569,3721,1156,144,9,0.0,1239.0,4331428.976811
2017-07-31,147.0,119.0,False,False,False,False,1300.0,3466821.404567,0,False,0,0,88,74,59,93,66,39,10,2,0.0,0,0,0,0,0,0,0,False,0,0,0,1,0,0,0,0,0,1,0,0,0,0,0,0,0,0,0,0,0,0,0,0,7744,5476,3481,8649,4356,1521,100,4,0.0,916.0,5444549.40443
2017-08-01,158.0,157.0,False,False,False,False,1217.0,2972579.84029,0,False,0,0,90,77,64,93,66,38,12,2,0.0,0,0,0,0,0,0,0,False,0,1,0,0,0,0,0,0,0,1,0,0,0,0,0,0,0,0,0,0,0,0,0,0,8100,5929,4096,8649,4356,1444,144,4,0.0,1412.0,7002101.760009998
2017-08-02,157.0,164.0,False,False,False,False,1271.0,4575978.9511509985,0,False,0,0,92,80,68,87,60,32,16,3,0.0,0,1,0,0,0,1,0,False,0,0,0,0,0,1,0,0,0,1,0,0,0,0,0,0,0,0,0,0,0,0,0,0,8464,6400,4624,7569,3600,1024,256,9,0.0,1270.0,7605368.605109
2017-08-03,127.0,153.0,False,False,False,False,875.0,5709111.182198999,0,False,0,0,91,79,67,93,67,41,12,2,0.0,0,1,0,0,0,1,0,False,0,0,0,0,0,0,1,0,0,1,0,0,0,0,0,0,0,0,0,0,0,0,0,0,8281,6241,4489,8649,4489,1681,144,4,0.0,1167.0,7571852.5156999985
2017-08-04,220.0,105.0,False,False,False,False,2098.0,6360948.6224219985,0,False,0,0,93,80,67,93,65,36,16,5,0.0,0,0,0,0,0,0,0,False,0,0,0,0,1,0,0,0,0,1,0,0,0,0,0,0,0,0,0,0,0,0,0,0,8649,6400,4489,8649,4225,1296,256,25,0.0,635.0,2396639.5733
2017-08-05,163.0,142.0,False,False,False,False,1443.0,4651251.4849,0,False,0,0,83,73,62,69,52,34,13,5,0.0,0,0,0,0,0,0,0,False,1,0,0,0,0,0,0,0,0,1,0,0,0,0,0,0,0,0,0,0,0,0,0,0,6889,5329,3844,4761,2704,1156,169,25,0.0,959.0,2541456.49779
2017-08-06,116.0,153.0,False,False,False,False,931.0,3443264.28431,0,False,0,0,86,72,58,93,65,37,12,4,0.0,0,0,0,0,0,0,0,False,0,0,1,0,0,0,0,0,0,1,0,0,0,0,0,0,0,0,0,0,0,0,0,0,7396,5184,3364,8649,4225,1369,144,16,0.0,1565.0,5981054.29260444
2017-08-07,82.0,147.0,False,False,False,False,577.0,2129561.031188,0,False,0,0,78,74,70,97,85,73,13,3,1.05,0,1,0,0,0,1,0,False,0,0,0,1,0,0,0,0,0,1,0,0,0,0,0,0,0,0,0,0,0,0,0,0,6084,5476,4900,9409,7225,5329,169,9,1.1025,1300.0,3466821.404567
2017-08-08,166.0,158.0,False,False,False,False,1098.0,4883051.52016,0,False,0,0,82,74,66,100,76,51,9,3,0.05,0,1,0,0,0,1,0,False,0,1,0,0,0,0,0,0,0,1,0,0,0,0,0,0,0,0,0,0,0,0,0,0,6724,5476,4356,10000,5776,2601,81,9,0.0025000000000000005,1217.0,2972579.84029
2017-08-09,159.0,157.0,False,False,False,False,1247.0,6115432.10631,0,False,0,0,84,73,61,100,69,37,9,2,0.0,0,0,0,0,0,0,0,False,0,0,0,0,0,1,0,0,0,1,0,0,0,0,0,0,0,0,0,0,0,0,0,0,7056,5329,3721,10000,4761,1369,81,4,0.0,1271.0,4575978.9511509985
2017-08-10,163.0,127.0,False,False,False,False,1298.0,4830407.111067,0,False,0,0,84,72,59,93,67,40,12,3,0.0,0,0,0,0,0,0,0,False,0,0,0,0,0,0,1,0,0,1,0,0,0,0,0,0,0,0,0,0,0,0,0,0,7056,5184,3481,8649,4489,1600,144,9,0.0,875.0,5709111.182198999
2017-08-11,164.0,220.0,False,False,False,False,1596.0,3685482.381826,0,False,0,0,85,78,70,90,76,61,15,5,0.0,0,0,0,0,0,0,0,False,0,0,0,0,1,0,0,0,0,1,0,0,0,0,0,0,0,0,0,0,0,0,0,0,7225,6084,4900,8100,5776,3721,225,25,0.0,2098.0,6360948.6224219985
2017-08-12,86.0,163.0,False,False,False,False,634.0,2788992.568888,0,False,0,0,88,80,71,100,78,55,10,3,0.08,0,0,0,0,0,0,0,False,1,0,0,0,0,0,0,0,0,1,0,0,0,0,0,0,0,0,0,0,0,0,0,0,7744,6400,5041,10000,6084,3025,100,9,0.0064,1443.0,4651251.4849
2017-08-13,179.0,116.0,False,False,False,False,2175.0,7698269.29786,0,False,0,0,86,77,67,93,67,40,10,3,0.0,0,0,0,0,0,0,0,False,0,0,1,0,0,0,0,0,0,1,0,0,0,0,0,0,0,0,0,0,0,0,0,0,7396,5929,4489,8649,4489,1600,100,9,0.0,931.0,3443264.28431
2017-08-14,160.0,82.0,False,False,False,False,1268.0,3926663.96415,0,False,0,0,80,72,64,93,80,67,6,2,0.0,0,1,0,0,0,1,0,False,0,0,0,1,0,0,0,0,0,1,0,0,0,0,0,0,0,0,0,0,0,0,0,0,6400,5184,4096,8649,6400,4489,36,4,0.0,577.0,2129561.031188
2017-08-15,140.0,166.0,False,False,False,False,1097.0,4955382.898499999,0,False,0,0,86,79,72,100,85,70,9,2,0.43,0,1,0,0,0,1,0,False,0,1,0,0,0,0,0,0,0,1,0,0,0,0,0,0,0,0,0,0,0,0,0,0,7396,6241,5184,10000,7225,4900,81,4,0.1849,1098.0,4883051.52016
2017-08-16,222.0,159.0,False,False,False,False,2202.0,6568539.5912,0,False,0,0,92,81,70,100,71,41,8,2,0.0,1,0,0,0,0,1,0,False,0,0,0,0,0,1,0,0,0,1,0,0,0,0,0,0,0,0,0,0,0,0,0,0,8464,6561,4900,10000,5041,1681,64,4,0.0,1247.0,6115432.10631
2017-08-17,135.0,163.0,False,False,False,False,1076.0,5139993.031699998,0,False,0,0,91,80,69,100,76,52,17,3,0.23,0,0,0,0,0,0,0,False,0,0,0,0,0,0,1,0,0,1,0,0,0,0,0,0,0,0,0,0,0,0,0,0,8281,6400,4761,10000,5776,2704,289,9,0.0529,1298.0,4830407.111067
2017-08-18,151.0,164.0,False,False,False,False,1142.0,3794585.031089,0,False,0,0,93,85,76,100,78,56,14,3,0.02,0,0,0,0,0,0,0,False,0,0,0,0,1,0,0,0,0,1,0,0,0,0,0,0,0,0,0,0,0,0,0,0,8649,7225,5776,10000,6084,3136,196,9,0.0004,1596.0,3685482.381826
2017-08-19,157.0,86.0,False,False,False,False,1566.0,6651816.959400001,0,False,0,0,91,82,72,94,65,36,8,2,0.0,0,1,0,0,0,1,0,False,1,0,0,0,0,0,0,0,0,1,0,0,0,0,0,0,0,0,0,0,0,0,0,0,8281,6724,5184,8836,4225,1296,64,4,0.0,634.0,2788992.568888
2017-08-20,98.0,179.0,False,False,False,False,889.0,4396404.0535,0,False,0,0,89,78,66,100,75,50,10,3,0.0,0,0,0,0,0,0,0,False,0,0,1,0,0,0,0,0,0,1,0,0,0,0,0,0,0,0,0,0,0,0,0,0,7921,6084,4356,10000,5625,2500,100,9,0.0,2175.0,7698269.29786
2017-08-21,117.0,160.0,False,False,False,False,883.0,3172724.0533600007,0,False,0,0,92,81,70,93,72,51,14,3,0.0,0,0,0,0,1,1,0,False,0,0,0,1,0,0,0,0,0,1,0,0,0,0,0,0,0,0,0,0,0,0,0,0,8464,6561,4900,8649,5184,2601,196,9,0.0,1268.0,3926663.96415
2017-08-22,130.0,140.0,False,False,False,False,884.0,4849010.3465,0,False,0,0,96,84,71,93,65,36,18,7,0.0,0,0,0,0,0,0,0,False,0,1,0,0,0,0,0,0,0,1,0,0,0,0,0,0,0,0,0,0,0,0,0,0,9216,7056,5041,8649,4225,1296,324,49,0.0,1097.0,4955382.898499999
2017-08-23,139.0,222.0,False,False,False,False,1119.0,5670765.79564,0,False,0,0,84,77,69,87,76,65,21,4,0.77,0,1,0,0,0,1,0,False,0,0,0,0,0,1,0,0,0,1,0,0,0,0,0,0,0,0,0,0,0,0,0,0,7056,5929,4761,7569,5776,4225,441,16,0.5929,2202.0,6568539.5912
2017-08-24,130.0,135.0,False,False,False,False,1148.0,6231913.244600001,0,False,0,0,82,75,67,93,68,42,13,3,0.01,0,1,0,0,0,1,0,False,0,0,0,0,0,0,1,0,0,1,0,0,0,0,0,0,0,0,0,0,0,0,0,0,6724,5625,4489,8649,4624,1764,169,9,0.0001,1076.0,5139993.031699998
2017-08-25,185.0,151.0,False,False,False,False,1634.0,4553760.426522,0,False,0,0,80,71,61,93,69,45,10,3,0.0,0,0,0,0,0,0,0,False,0,0,0,0,1,0,0,0,0,1,0,0,0,0,0,0,0,0,0,0,0,0,0,0,6400,5041,3721,8649,4761,2025,100,9,0.0,1142.0,3794585.031089
2017-08-26,153.0,157.0,False,False,False,False,1313.0,3201251.55571,0,False,0,0,81,71,60,97,73,48,10,3,0.0,0,0,0,0,0,0,0,False,1,0,0,0,0,0,0,0,0,1,0,0,0,0,0,0,0,0,0,0,0,0,0,0,6561,5041,3600,9409,5329,2304,100,9,0.0,1566.0,6651816.959400001
2017-08-27,86.0,98.0,False,False,False,False,962.0,5247078.399895556,0,False,0,0,80,72,63,87,66,45,13,5,0.0,0,0,0,0,0,0,0,False,0,0,1,0,0,0,0,0,0,1,0,0,0,0,0,0,0,0,0,0,0,0,0,0,6400,5184,3969,7569,4356,2025,169,25,0.0,889.0,4396404.0535
2017-08-28,104.0,117.0,False,False,False,False,832.0,5905621.332900002,0,False,0,0,77,68,58,93,74,54,14,7,0.0,0,0,0,0,0,0,0,False,0,0,0,1,0,0,0,0,0,1,0,0,0,0,0,0,0,0,0,0,0,0,0,0,5929,4624,3364,8649,5476,2916,196,49,0.0,883.0,3172724.0533600007
2017-08-29,67.0,130.0,False,False,False,False,507.0,2702859.377923,0,False,0,0,68,64,60,97,85,73,14,9,0.54,0,1,0,0,0,1,0,False,0,1,0,0,0,0,0,0,0,1,0,0,0,0,0,0,0,0,0,0,0,0,0,0,4624,4096,3600,9409,7225,5329,196,81,0.2916,884.0,4849010.3465
2017-08-30,110.0,139.0,False,False,False,False,1054.0,4157044.0529300002,0,False,0,0,81,73,64,97,76,54,8,1,0.0,0,0,0,0,0,0,0,False,0,0,0,0,0,1,0,0,0,1,0,0,0,0,0,0,0,0,0,0,0,0,0,0,6561,5329,4096,9409,5776,2916,64,1,0.0,1119.0,5670765.79564
2017-08-31,124.0,130.0,False,False,False,False,1026.0,4288835.1287,0,False,0,0,87,75,62,100,71,42,9,2,0.0,1,0,0,0,0,1,0,False,0,0,0,0,0,0,1,0,0,1,0,0,0,0,0,0,0,0,0,0,0,0,0,0,7569,5625,3844,10000,5041,1764,81,4,0.0,1148.0,6231913.244600001
2017-09-01,63.0,185.0,False,False,False,False,516.0,1162286.6488999994,0,False,0,0,72,64,55,93,80,67,16,7,0.27,0,1,0,0,0,1,0,False,0,0,0,0,1,0,0,0,0,1,0,0,0,0,0,0,0,0,0,0,0,0,0,0,5184,4096,3025,8649,6400,4489,256,49,0.0729,1634.0,4553760.426522
2017-09-02,70.0,153.0,False,False,False,False,477.0,1804452.9778,0,False,0,0,62,59,55,97,94,90,15,6,0.32,0,1,0,0,0,1,0,False,1,0,0,0,0,0,0,0,0,1,0,0,0,0,0,0,0,0,0,0,0,0,0,0,3844,3481,3025,9409,8836,8100,225,36,0.1024,1313.0,3201251.55571
2017-09-03,123.0,86.0,False,False,False,False,1229.0,4859175.82234,0,False,0,0,83,71,58,100,70,39,9,4,0.0,1,0,0,0,0,1,0,False,0,0,1,0,0,0,0,0,0,1,0,0,0,0,0,0,0,0,0,0,0,0,0,0,6889,5041,3364,10000,4900,1521,81,16,0.0,962.0,5247078.399895556
2017-09-04,91.0,104.0,True,False,False,False,974.0,2989609.52903,0,False,0,0,85,71,56,93,72,51,16,6,0.0,0,0,0,0,0,0,0,False,0,0,0,1,0,0,0,0,0,1,0,0,0,0,0,0,0,0,0,0,0,0,0,0,7225,5041,3136,8649,5184,2601,256,36,0.0,832.0,5905621.332900002
2017-09-05,101.0,67.0,False,False,False,False,773.0,3558511.5022,0,False,0,0,87,76,65,93,72,51,17,7,0.22,0,0,0,0,0,0,0,False,0,1,0,0,0,0,0,0,0,1,0,0,0,0,0,0,0,0,0,0,0,0,0,0,7569,5776,4225,8649,5184,2601,289,49,0.0484,507.0,2702859.377923
2017-09-06,52.0,110.0,False,False,False,False,383.0,994291.4844399999,0,False,0,0,68,63,58,100,97,93,9,2,1.02,0,0,0,0,0,0,0,False,0,0,0,0,0,1,0,0,0,1,0,0,0,0,0,0,0,0,0,0,0,0,0,0,4624,3969,3364,10000,9409,8649,81,4,1.0404,1054.0,4157044.0529300002
2017-09-07,78.0,124.0,False,False,False,False,574.0,3666112.2847,0,False,0,0,73,63,52,100,71,41,9,3,0.0,1,0,0,0,0,1,0,False,0,0,0,0,0,0,1,0,0,1,0,0,0,0,0,0,0,0,0,0,0,0,0,0,5329,3969,2704,10000,5041,1681,81,9,0.0,1026.0,4288835.1287
2017-09-08,127.0,63.0,False,False,False,False,987.0,3497378.70292,0,False,0,0,77,65,52,89,65,41,9,2,0.0,0,0,0,0,0,0,0,False,0,0,0,0,1,0,0,0,0,1,0,0,0,0,0,0,0,0,0,0,0,0,0,0,5929,4225,2704,7921,4225,1681,81,4,0.0,516.0,1162286.6488999994
2017-09-09,100.0,70.0,False,False,False,False,744.0,1527066.7376299999,0,False,0,0,73,63,52,93,69,44,12,4,0.0,0,0,0,0,0,0,0,False,1,0,0,0,0,0,0,0,0,1,0,0,0,0,0,0,0,0,0,0,0,0,0,0,5329,3969,2704,8649,4761,1936,144,16,0.0,477.0,1804452.9778
2017-09-10,82.0,123.0,False,False,False,False,807.0,1398805.6177599998,0,False,0,0,71,59,46,93,70,47,16,4,0.0,0,0,0,0,0,0,0,False,0,0,1,0,0,0,0,0,0,1,0,0,0,0,0,0,0,0,0,0,0,0,0,0,5041,3481,2116,8649,4900,2209,256,16,0.0,1229.0,4859175.82234
2017-09-11,87.0,91.0,False,False,False,False,410.0,813905.920072,0,False,0,0,70,60,49,96,77,57,13,4,0.0,0,0,0,0,0,0,0,False,0,0,0,1,0,0,0,0,0,1,0,0,0,0,0,0,0,0,0,0,0,0,0,0,4900,3600,2401,9216,5929,3249,169,16,0.0,974.0,2989609.52903
2017-09-12,91.0,101.0,False,False,False,False,622.0,3181528.74687,0,False,0,0,78,68,58,100,78,56,15,4,0.08,0,1,0,0,0,1,0,False,0,1,0,0,0,0,0,0,0,1,0,0,0,0,0,0,0,0,0,0,0,0,0,0,6084,4624,3364,10000,6084,3136,225,16,0.0064,773.0,3558511.5022
2017-09-13,90.0,52.0,False,False,False,False,869.0,3993036.230853,0,False,0,0,81,74,66,100,76,51,17,4,0.04,0,1,0,0,0,1,0,False,0,0,0,0,0,1,0,0,0,1,0,0,0,0,0,0,0,0,0,0,0,0,0,0,6561,5476,4356,10000,5776,2601,289,16,0.0016,383.0,994291.4844399999
2017-09-14,95.0,78.0,False,False,False,False,809.0,4603622.96906,0,False,0,0,80,73,65,93,74,54,10,3,0.0,0,1,0,0,0,1,0,False,0,0,0,0,0,0,1,0,0,1,0,0,0,0,0,0,0,0,0,0,0,0,0,0,6400,5329,4225,8649,5476,2916,100,9,0.0,574.0,3666112.2847
2017-09-15,175.0,127.0,False,False,False,False,1581.0,7601817.60023,0,False,0,0,83,72,61,100,74,47,7,2,0.0,0,0,0,0,0,0,0,False,0,0,0,0,1,0,0,0,0,1,0,0,0,0,0,0,0,0,0,0,0,0,0,0,6889,5184,3721,10000,5476,2209,49,4,0.0,987.0,3497378.70292
2017-09-16,277.0,100.0,False,False,False,False,2763.0,5987985.6361,1,True,0,0,83,75,67,97,76,54,7,1,0.0,0,0,0,0,0,0,0,False,1,0,0,0,0,0,0,0,0,1,0,0,0,0,0,0,0,0,0,0,0,0,0,0,6889,5625,4489,9409,5776,2916,49,1,0.0,744.0,1527066.7376299999
2017-09-17,105.0,82.0,False,False,False,False,1119.0,5352354.70214,0,False,0,0,85,75,64,100,78,55,8,2,0.0,0,0,0,0,0,0,0,False,0,0,1,0,0,0,0,0,0,1,0,0,0,0,0,0,0,0,0,0,0,0,0,0,7225,5625,4096,10000,6084,3025,64,4,0.0,807.0,1398805.6177599998
2017-09-18,119.0,87.0,False,False,False,False,941.0,5951920.355207,0,False,0,0,83,74,64,100,79,58,13,4,0.0,1,0,0,0,0,1,0,False,0,0,0,1,0,0,0,0,0,1,0,0,0,0,0,0,0,0,0,0,0,0,0,0,6889,5476,4096,10000,6241,3364,169,16,0.0,410.0,813905.920072
2017-09-19,136.0,91.0,False,False,False,False,1252.0,4122107.4492,0,False,0,0,86,75,64,100,71,42,8,3,0.0,0,0,0,0,0,0,0,False,0,1,0,0,0,0,0,0,0,1,0,0,0,0,0,0,0,0,0,0,0,0,0,0,7396,5625,4096,10000,5041,1764,64,9,0.0,622.0,3181528.74687
2017-09-20,114.0,90.0,False,False,False,False,1151.0,6075810.13319,0,False,0,0,89,75,61,100,69,38,10,2,0.0,0,0,0,0,0,0,0,False,0,0,0,0,0,1,0,0,0,1,0,0,0,0,0,0,0,0,0,0,0,0,0,0,7921,5625,3721,10000,4761,1444,100,4,0.0,869.0,3993036.230853
2017-09-21,129.0,95.0,False,False,False,False,1163.0,8758760.10675,0,False,0,0,88,77,66,93,68,43,9,2,0.0,0,0,0,0,0,0,0,False,0,0,0,0,0,0,1,0,0,1,0,0,0,0,0,0,0,0,0,0,0,0,0,0,7744,5929,4356,8649,4624,1849,81,4,0.0,809.0,4603622.96906
2017-09-22,194.0,175.0,False,False,False,False,1867.0,13132688.4988,1,True,0,0,89,76,63,100,72,43,8,1,0.0,0,0,0,0,0,0,0,False,0,0,0,0,1,0,0,0,0,1,0,0,0,0,0,0,0,0,0,0,0,0,0,0,7921,5776,3969,10000,5184,1849,64,1,0.0,1581.0,7601817.60023
2017-09-23,174.0,277.0,False,False,False,False,2224.0,7252811.093009999,1,True,0,0,87,74,61,93,63,32,12,3,0.0,0,0,0,0,0,0,0,False,1,0,0,0,0,0,0,0,0,1,0,0,0,0,0,0,0,0,0,0,0,0,0,0,7569,5476,3721,8649,3969,1024,144,9,0.0,2763.0,5987985.6361
2017-09-24,110.0,105.0,False,False,False,False,1134.0,6809211.448499999,0,False,0,0,90,75,59,97,69,41,13,3,0.0,0,0,0,0,0,0,0,False,0,0,1,0,0,0,0,0,0,1,0,0,0,0,0,0,0,0,0,0,0,0,0,0,8100,5625,3481,9409,4761,1681,169,9,0.0,1119.0,5352354.70214
2017-09-25,112.0,119.0,False,False,False,False,971.0,5940060.7281,0,False,0,0,89,76,63,93,70,47,12,4,0.0,0,0,0,0,0,0,0,False,0,0,0,1,0,0,0,0,0,1,0,0,0,0,0,0,0,0,0,0,0,0,0,0,7921,5776,3969,8649,4900,2209,144,16,0.0,941.0,5951920.355207
2017-09-26,143.0,136.0,False,False,False,False,1280.0,4009915.73315,0,False,0,0,88,77,66,93,70,46,17,6,0.0,0,0,0,0,0,0,0,False,0,1,0,0,0,0,0,0,0,1,0,0,0,0,0,0,0,0,0,0,0,0,0,0,7744,5929,4356,8649,4900,2116,289,36,0.0,1252.0,4122107.4492
2017-09-27,131.0,114.0,False,False,False,False,1355.0,6817150.292669999,0,False,0,0,92,79,65,93,67,41,14,4,0.0,0,0,0,0,0,0,0,False,0,0,0,0,0,1,0,0,0,1,0,0,0,0,0,0,0,0,0,0,0,0,0,0,8464,6241,4225,8649,4489,1681,196,16,0.0,1151.0,6075810.13319
2017-09-28,114.0,129.0,False,False,False,False,1215.0,4275212.5157,0,False,0,0,87,75,63,84,57,30,13,6,0.0,0,0,0,0,0,0,0,False,0,0,0,0,0,0,1,0,0,1,0,0,0,0,0,0,0,0,0,0,0,0,0,0,7569,5625,3969,7056,3249,900,169,36,0.0,1163.0,8758760.10675
2017-09-29,145.0,194.0,False,False,False,False,1413.0,8076883.0579900015,0,False,0,0,78,65,52,89,64,39,10,3,0.0,0,0,0,0,0,0,0,False,0,0,0,0,1,0,0,0,0,1,0,0,0,0,0,0,0,0,0,0,0,0,0,0,6084,4225,2704,7921,4096,1521,100,9,0.0,1867.0,13132688.4988
2017-09-30,116.0,174.0,False,False,False,False,858.0,4617259.804789,0,False,0,0,71,62,53,87,59,31,16,7,0.0,0,0,0,0,0,0,0,False,1,0,0,0,0,0,0,0,0,1,0,0,0,0,0,0,0,0,0,0,0,0,0,0,5041,3844,2809,7569,3481,961,256,49,0.0,2224.0,7252811.093009999
2017-10-01,104.0,110.0,False,False,False,False,916.0,7576532.196160001,0,False,0,0,70,56,41,93,65,37,12,2,0.0,0,0,0,0,0,0,0,False,0,0,1,0,0,0,0,0,0,0,1,0,0,0,0,0,0,0,0,0,0,0,0,0,4900,3136,1681,8649,4225,1369,144,4,0.0,1134.0,6809211.448499999
2017-10-02,111.0,112.0,False,False,False,False,837.0,4270093.65374,0,False,0,0,76,59,41,100,69,38,8,2,0.0,0,0,0,0,0,0,0,False,0,0,0,1,0,0,0,0,0,0,1,0,0,0,0,0,0,0,0,0,0,0,0,0,5776,3481,1681,10000,4761,1444,64,4,0.0,971.0,5940060.7281
2017-10-03,141.0,143.0,False,False,False,False,1280.0,7528773.404609999,0,False,0,0,77,62,46,93,68,43,9,2,0.0,0,0,0,0,0,0,0,False,0,1,0,0,0,0,0,0,0,0,1,0,0,0,0,0,0,0,0,0,0,0,0,0,5929,3844,2116,8649,4624,1849,81,4,0.0,1280.0,4009915.73315
2017-10-04,124.0,131.0,False,False,False,False,959.0,9661021.297460001,0,False,0,0,82,65,48,100,65,30,10,4,0.0,0,0,0,0,0,0,0,False,0,0,0,0,0,1,0,0,0,0,1,0,0,0,0,0,0,0,0,0,0,0,0,0,6724,4225,2304,10000,4225,900,100,16,0.0,1355.0,6817150.292669999
2017-10-05,134.0,114.0,False,False,False,False,1278.0,6619721.38621,0,False,0,0,86,69,51,93,61,29,12,3,0.0,0,0,0,0,0,0,0,False,0,0,0,0,0,0,1,0,0,0,1,0,0,0,0,0,0,0,0,0,0,0,0,0,7396,4761,2601,8649,3721,841,144,9,0.0,1215.0,4275212.5157
2017-10-06,177.0,145.0,False,False,False,False,1705.0,6641258.951230001,0,False,0,0,88,73,57,93,63,32,13,3,0.0,0,0,0,0,0,0,0,False,0,0,0,0,1,0,0,0,0,0,1,0,0,0,0,0,0,0,0,0,0,0,0,0,7744,5329,3249,8649,3969,1024,169,9,0.0,1413.0,8076883.0579900015
2017-10-07,134.0,116.0,False,False,False,False,1021.0,8672650.2403,0,False,0,0,87,73,58,93,68,42,18,6,0.02,0,1,0,0,0,1,0,False,1,0,0,0,0,0,0,0,0,0,1,0,0,0,0,0,0,0,0,0,0,0,0,0,7569,5329,3364,8649,4624,1764,324,36,0.0004,858.0,4617259.804789
2017-10-08,89.0,104.0,False,False,False,False,777.0,3796216.0354699995,0,False,0,0,81,77,72,100,90,79,15,7,0.14,0,1,0,0,0,1,0,False,0,0,1,0,0,0,0,0,0,0,1,0,0,0,0,0,0,0,0,0,0,0,0,0,6561,5929,5184,10000,8100,6241,225,49,0.019600000000000003,916.0,7576532.196160001
2017-10-09,97.0,111.0,True,False,False,False,745.0,3236185.884533,0,False,0,0,88,80,72,94,77,59,24,10,0.34,0,1,0,0,0,1,0,False,0,0,0,1,0,0,0,0,0,0,1,0,0,0,0,0,0,0,0,0,0,0,0,0,7744,6400,5184,8836,5929,3481,576,100,0.11560000000000002,837.0,4270093.65374
2017-10-10,118.0,141.0,False,False,False,False,1202.0,5609783.181100002,0,False,0,0,88,79,70,97,75,53,8,3,0.0,0,0,0,0,0,0,0,False,0,1,0,0,0,0,0,0,0,0,1,0,0,0,0,0,0,0,0,0,0,0,0,0,7744,6241,4900,9409,5625,2809,64,9,0.0,1280.0,7528773.404609999
2017-10-11,94.0,124.0,False,False,False,False,892.0,4012000.1421370003,0,False,0,0,84,78,71,94,82,69,10,3,0.16,0,1,0,0,0,1,0,False,0,0,0,0,0,1,0,0,0,0,1,0,0,0,0,0,0,0,0,0,0,0,0,0,7056,6084,5041,8836,6724,4761,100,9,0.0256,959.0,9661021.297460001
2017-10-12,81.0,134.0,False,False,False,False,505.0,1894888.10661,0,False,0,0,74,67,60,100,95,90,16,10,0.08,0,0,0,0,0,0,0,False,0,0,0,0,0,0,1,0,0,0,1,0,0,0,0,0,0,0,0,0,0,0,0,0,5476,4489,3600,10000,9025,8100,256,100,0.0064,1278.0,6619721.38621
2017-10-13,117.0,177.0,False,False,False,False,1251.0,5119806.00969,0,False,0,0,67,63,59,93,89,84,10,4,0.01,0,0,0,0,0,0,0,False,0,0,0,0,1,0,0,0,0,0,1,0,0,0,0,0,0,0,0,0,0,0,0,0,4489,3969,3481,8649,7921,7056,100,16,0.0001,1705.0,6641258.951230001
2017-10-14,135.0,134.0,False,False,False,False,1635.0,6520503.18186,0,False,0,0,75,66,56,100,82,64,9,1,0.0,1,0,0,0,0,1,0,False,1,0,0,0,0,0,0,0,0,0,1,0,0,0,0,0,0,0,0,0,0,0,0,0,5625,4356,3136,10000,6724,4096,81,1,0.0,1021.0,8672650.2403
2017-10-15,110.0,89.0,False,False,False,False,1031.0,8211328.5688499985,0,False,0,0,80,72,63,100,79,58,17,8,0.0,1,0,0,0,0,1,0,False,0,0,1,0,0,0,0,0,0,0,1,0,0,0,0,0,0,0,0,0,0,0,0,0,6400,5184,3969,10000,6241,3364,289,64,0.0,777.0,3796216.0354699995
2017-10-16,99.0,97.0,False,False,False,False,845.0,9056455.6798,0,False,0,0,73,61,49,93,67,40,16,6,0.07,0,1,0,0,0,1,0,False,0,0,0,1,0,0,0,0,0,0,1,0,0,0,0,0,0,0,0,0,0,0,0,0,5329,3721,2401,8649,4489,1600,256,36,0.004900000000000001,745.0,3236185.884533
2017-10-17,118.0,118.0,False,False,False,False,1230.0,5612706.13282,0,False,0,0,65,52,39,93,64,34,9,3,0.0,0,0,0,0,0,0,0,False,0,1,0,0,0,0,0,0,0,0,1,0,0,0,0,0,0,0,0,0,0,0,0,0,4225,2704,1521,8649,4096,1156,81,9,0.0,1202.0,5609783.181100002
2017-10-18,94.0,94.0,False,False,False,False,893.0,8345971.4846600015,0,False,0,0,71,54,37,100,66,31,10,2,0.0,0,0,0,0,0,0,0,False,0,0,0,0,0,1,0,0,0,0,1,0,0,0,0,0,0,0,0,0,0,0,0,0,5041,2916,1369,10000,4356,961,100,4,0.0,892.0,4012000.1421370003
2017-10-19,148.0,81.0,False,False,False,False,1453.0,12586955.662200002,0,False,0,0,77,59,40,96,64,31,12,4,0.0,0,0,0,0,0,0,0,False,0,0,0,0,0,0,1,0,0,0,1,0,0,0,0,0,0,0,0,0,0,0,0,0,5929,3481,1600,9216,4096,961,144,16,0.0,505.0,1894888.10661
2017-10-20,194.0,117.0,False,False,False,False,1863.0,10740457.244467,0,False,0,0,81,64,47,93,62,30,8,3,0.0,0,0,0,0,0,0,0,False,0,0,0,0,1,0,0,0,0,0,1,0,0,0,0,0,0,0,0,0,0,0,0,0,6561,4096,2209,8649,3844,900,64,9,0.0,1251.0,5119806.00969
2017-10-21,191.0,135.0,False,False,False,False,1835.0,14737753.8836,0,False,0,0,79,64,48,100,67,33,8,1,0.0,0,0,0,0,0,0,0,False,1,0,0,0,0,0,0,0,0,0,1,0,0,0,0,0,0,0,0,0,0,0,0,0,6241,4096,2304,10000,4489,1089,64,1,0.0,1635.0,6520503.18186
2017-10-22,111.0,110.0,False,False,False,False,938.0,9733716.764147,0,False,0,0,78,65,51,100,72,43,15,4,0.0,0,0,0,0,0,0,0,False,0,0,1,0,0,0,0,0,0,0,1,0,0,0,0,0,0,0,0,0,0,0,0,0,6084,4225,2601,10000,5184,1849,225,16,0.0,1031.0,8211328.5688499985
2017-10-23,85.0,99.0,False,False,False,False,639.0,3763507.76845,0,False,0,0,73,64,55,93,79,64,20,5,0.74,0,1,0,0,0,1,0,False,0,0,0,1,0,0,0,0,0,0,1,0,0,0,0,0,0,0,0,0,0,0,0,0,5329,4096,3025,8649,6241,4096,400,25,0.5476,845.0,9056455.6798
2017-10-24,98.0,118.0,False,False,False,False,1064.0,4438500.6937339995,0,False,0,0,72,64,56,100,72,44,20,7,0.0,0,0,0,0,0,0,0,False,0,1,0,0,0,0,0,0,0,0,1,0,0,0,0,0,0,0,0,0,0,0,0,0,5184,4096,3136,10000,5184,1936,400,49,0.0,1230.0,5612706.13282
2017-10-25,117.0,94.0,False,False,False,False,799.0,5991253.333149998,0,False,0,0,64,57,49,59,45,30,12,3,0.0,0,0,0,0,0,0,0,False,0,0,0,0,0,1,0,0,0,0,1,0,0,0,0,0,0,0,0,0,0,0,0,0,4096,3249,2401,3481,2025,900,144,9,0.0,893.0,8345971.4846600015
2017-10-26,88.0,148.0,False,False,False,False,648.0,7875687.537398901,0,False,0,0,60,53,45,66,48,29,13,4,0.0,0,0,0,0,0,0,0,False,0,0,0,0,0,0,1,0,0,0,1,0,0,0,0,0,0,0,0,0,0,0,0,0,3600,2809,2025,4356,2304,841,169,16,0.0,1453.0,12586955.662200002
2017-10-27,132.0,194.0,False,False,False,False,1240.0,9193227.94634,0,False,0,0,70,53,35,92,66,40,13,4,0.0,0,0,0,0,0,0,0,False,0,0,0,0,1,0,0,0,0,0,1,0,0,0,0,0,0,0,0,0,0,0,0,0,4900,2809,1225,8464,4356,1600,169,16,0.0,1863.0,10740457.244467
2017-10-28,171.0,191.0,False,False,False,False,1475.0,9467379.4843889,0,False,0,0,70,59,47,86,71,55,20,8,0.0,0,0,0,0,0,0,0,False,1,0,0,0,0,0,0,0,0,0,1,0,0,0,0,0,0,0,0,0,0,0,0,0,4900,3481,2209,7396,5041,3025,400,64,0.0,1835.0,14737753.8836
2017-10-29,51.0,111.0,False,False,False,False,344.0,1166379.804389,0,False,0,0,66,56,45,100,89,78,21,6,2.31,0,1,0,0,0,1,0,False,0,0,1,0,0,0,0,0,0,0,1,0,0,0,0,0,0,0,0,0,0,0,0,0,4356,3136,2025,10000,7921,6084,441,36,5.3361,938.0,9733716.764147
2017-10-30,65.0,85.0,False,False,False,False,675.0,4013762.56008,0,False,0,0,60,50,40,82,55,28,17,8,0.02,0,1,0,0,0,1,0,False,0,0,0,1,0,0,0,0,0,0,1,0,0,0,0,0,0,0,0,0,0,0,0,0,3600,2500,1600,6724,3025,784,289,64,0.0004,639.0,3763507.76845
2017-10-31,60.0,98.0,False,False,False,False,407.0,1033790.57793,0,False,0,0,63,52,41,76,52,27,10,3,0.0,0,0,0,0,0,0,0,False,0,1,0,0,0,0,0,0,0,0,1,0,0,0,0,0,0,0,0,0,0,0,0,0,3969,2704,1681,5776,2704,729,100,9,0.0,1064.0,4438500.6937339995
2017-11-01,57.0,117.0,False,False,False,False,519.0,953392.35551,0,False,0,0,59,50,40,93,77,61,9,2,0.0,0,0,0,0,0,0,0,False,0,0,0,0,0,1,0,0,0,0,1,0,0,0,0,0,0,0,0,0,0,0,0,0,3481,2500,1600,8649,5929,3721,81,4,0.0,799.0,5991253.333149998
2017-11-02,60.0,88.0,False,False,False,False,527.0,1226832.782204,0,False,0,0,76,62,47,100,73,46,18,4,0.0,0,1,0,0,0,1,0,False,0,0,0,0,0,0,1,0,0,0,1,0,0,0,0,0,0,0,0,0,0,0,0,0,5776,3844,2209,10000,5329,2116,324,16,0.0,648.0,7875687.537398901
2017-11-03,119.0,132.0,False,False,False,False,925.0,2030698.381911,0,False,0,0,81,66,51,100,73,45,12,4,0.0,0,0,0,0,0,0,0,False,0,0,0,0,1,0,0,0,0,0,1,0,0,0,0,0,0,0,0,0,0,0,0,0,6561,4356,2601,10000,5329,2025,144,16,0.0,1240.0,9193227.94634
2017-11-04,37.0,171.0,False,False,False,False,273.0,2098805.759597,0,False,0,0,61,54,47,100,82,63,15,6,0.55,0,1,0,0,0,1,0,False,1,0,0,0,0,0,0,0,0,0,1,0,0,0,0,0,0,0,0,0,0,0,0,0,3721,2916,2209,10000,6724,3969,225,36,0.30250000000000005,1475.0,9467379.4843889
2017-11-05,28.0,51.0,False,False,False,False,238.0,1027734.1867,0,False,0,0,59,54,49,100,93,86,15,5,0.0,0,0,0,0,0,0,0,False,0,0,1,0,0,0,0,0,0,0,1,0,0,0,0,0,0,0,0,0,0,0,0,0,3481,2916,2401,10000,8649,7396,225,25,0.0,344.0,1166379.804389
2017-11-06,46.0,65.0,False,False,False,False,405.0,392193.706594,0,False,0,0,77,66,55,100,80,60,15,7,0.0,0,0,0,0,0,0,0,False,0,0,0,1,0,0,0,0,0,0,1,0,0,0,0,0,0,0,0,0,0,0,0,0,5929,4356,3025,10000,6400,3600,225,49,0.0,675.0,4013762.56008
2017-11-07,26.0,60.0,False,False,False,False,268.0,163684.12446756,0,False,0,0,56,49,42,96,82,68,14,7,0.2,0,1,0,0,0,1,0,False,0,1,0,0,0,0,0,0,0,0,1,0,0,0,0,0,0,0,0,0,0,0,0,0,3136,2401,1764,9216,6724,4624,196,49,0.040000000000000015,407.0,1033790.57793
2017-11-08,21.0,57.0,False,False,False,False,140.0,423577.599965,0,False,0,0,47,45,42,89,83,76,10,5,0.0,0,1,0,0,0,1,0,False,0,0,0,0,0,1,0,0,0,0,1,0,0,0,0,0,0,0,0,0,0,0,0,0,2209,2025,1764,7921,6889,5776,100,25,0.0,519.0,953392.35551
2017-11-09,29.0,60.0,False,False,False,False,147.0,183928.035558,0,False,0,0,51,48,44,100,92,83,8,2,0.06,0,0,0,0,0,0,0,False,0,0,0,0,0,0,1,0,0,0,1,0,0,0,0,0,0,0,0,0,0,0,0,0,2601,2304,1936,10000,8464,6889,64,4,0.0036,527.0,1226832.782204
2017-11-10,26.0,119.0,True,False,False,False,251.0,238939.5910733,0,False,0,0,50,40,29,100,67,33,17,6,0.0,1,0,0,0,0,1,1,True,0,0,0,0,1,0,0,0,0,0,1,0,0,1,0,0,1,0,1,0,0,1,1,0,2500,1600,841,10000,4489,1089,289,36,0.0,925.0,2030698.381911
2017-11-11,32.0,37.0,False,False,False,False,229.0,145144.60445,0,False,0,0,39,32,24,75,54,32,10,4,0.0,0,0,0,0,0,0,0,False,1,0,0,0,0,0,0,0,0,0,1,0,0,0,0,0,0,0,0,0,0,0,0,0,1521,1024,576,5625,2916,1024,100,16,0.0,273.0,2098805.759597
2017-11-12,16.0,28.0,False,False,False,False,140.0,371719.9644539,0,False,0,0,46,37,27,85,64,43,7,1,0.07,0,1,0,0,0,1,0,False,0,0,1,0,0,0,0,0,0,0,1,0,0,0,0,0,0,0,0,0,0,0,0,0,2116,1369,729,7225,4096,1849,49,1,0.004900000000000001,238.0,1027734.1867
2017-11-13,19.0,46.0,False,False,False,False,93.0,181279.28886522603,0,False,0,0,55,47,38,100,81,61,7,2,0.06,0,0,0,0,0,0,2,True,0,0,0,1,0,0,0,0,0,0,1,0,0,1,0,0,1,0,1,0,0,1,1,0,3025,2209,1444,10000,6561,3721,49,4,0.0036,405.0,392193.706594
2017-11-14,29.0,26.0,False,False,False,False,279.0,237636.835554444,0,False,0,0,49,41,33,83,67,50,6,3,0.0,0,0,0,0,0,0,0,False,0,1,0,0,0,0,0,0,0,0,1,0,0,0,0,0,0,0,0,0,0,0,0,0,2401,1681,1089,6889,4489,2500,36,9,0.0,268.0,163684.12446756
2017-11-15,25.0,21.0,False,False,False,False,204.0,294601.955556689,0,False,0,0,52,40,28,92,70,48,9,3,0.01,0,1,0,0,0,1,0,False,0,0,0,0,0,1,0,0,0,0,1,0,0,0,0,0,0,0,0,0,0,0,0,0,2704,1600,784,8464,4900,2304,81,9,0.0001,140.0,423577.599965
2017-11-16,55.0,29.0,False,False,False,False,330.0,819263.1467100001,0,False,0,0,65,50,34,93,58,23,14,5,0.0,0,0,0,0,0,0,0,False,0,0,0,0,0,0,1,0,0,0,1,0,0,0,0,0,0,0,0,0,0,0,0,0,4225,2500,1156,8649,3364,529,196,25,0.0,147.0,183928.035558
2017-11-17,42.0,26.0,False,False,False,False,302.0,283060.33775356,0,False,0,0,58,46,34,70,48,25,10,3,0.0,0,0,0,0,0,0,3,True,0,0,0,0,1,0,0,0,0,0,1,0,0,1,0,1,0,0,1,0,0,1,0,1,3364,2116,1156,4900,2304,625,100,9,0.0,251.0,238939.5910733
2017-11-18,57.0,32.0,False,False,False,False,647.0,695342.0799455568,0,False,0,0,64,49,34,75,60,44,25,14,0.0,0,1,0,0,0,1,0,False,1,0,0,0,0,0,0,0,0,0,1,0,0,0,0,0,0,0,0,0,0,0,0,0,4096,2401,1156,5625,3600,1936,625,196,0.0,229.0,145144.60445
2017-11-19,39.0,16.0,False,False,False,False,267.0,1774449.777821444,0,False,0,0,62,52,41,78,55,32,23,10,0.0,0,0,0,0,0,0,4,True,0,0,1,0,0,0,0,0,0,0,1,0,0,1,0,0,1,0,1,0,0,1,1,0,3844,2704,1681,6084,3025,1024,529,100,0.0,140.0,371719.9644539
2017-11-20,37.0,19.0,False,False,False,False,234.0,681834.951152,0,False,0,0,54,44,33,69,48,26,14,4,0.0,0,0,0,0,0,0,0,False,0,0,0,1,0,0,0,0,0,0,1,0,0,0,0,0,0,0,0,0,0,0,0,0,2916,1936,1089,4761,2304,676,196,16,0.0,93.0,181279.28886522603
2017-11-21,41.0,29.0,False,False,False,False,392.0,1719023.5023533,0,False,0,0,62,48,33,70,54,38,18,9,0.0,0,0,0,0,0,0,0,False,0,1,0,0,0,0,0,0,0,0,1,0,0,0,0,0,0,0,0,0,0,0,0,0,3844,2304,1089,4900,2916,1444,324,81,0.0,279.0,237636.835554444
2017-11-22,25.0,25.0,False,True,False,False,149.0,220390.9689263,0,False,0,0,59,48,37,89,60,30,16,6,0.0,0,0,0,0,0,0,0,False,0,0,0,0,0,1,0,0,0,0,1,0,0,0,0,0,0,0,0,0,0,0,0,0,3481,2304,1369,7921,3600,900,256,36,0.0,204.0,294601.955556689
2017-11-23,5.0,55.0,True,False,True,False,19.0,5244.586667000001,0,False,0,0,46,36,25,78,60,41,13,3,0.0,0,0,0,0,0,0,5,True,0,0,0,0,0,0,1,0,0,0,1,0,0,1,0,0,0,1,1,0,0,1,1,0,2116,1296,625,6084,3600,1681,169,9,0.0,330.0,819263.1467100001
2017-11-24,30.0,42.0,False,False,False,True,291.0,1207292.017718,0,False,0,0,56,41,25,92,62,32,12,3,0.0,0,0,0,0,0,0,6,True,0,0,0,0,1,0,0,0,0,0,1,0,0,1,0,0,0,1,1,0,0,1,1,0,3136,1681,625,8464,3844,1024,144,9,0.0,302.0,283060.33775356
2017-11-25,48.0,57.0,False,False,False,False,382.0,912019.34227,0,False,0,0,65,49,32,75,55,34,15,5,0.0,0,0,0,0,0,0,0,False,1,0,0,0,0,0,0,0,0,0,1,0,0,0,0,0,0,0,0,0,0,0,0,0,4225,2401,1024,5625,3025,1156,225,25,0.0,647.0,695342.0799455568
2017-11-26,26.0,39.0,False,False,False,False,216.0,1804030.8622299999,0,False,0,0,58,47,36,64,46,28,12,4,0.0,0,0,0,0,0,0,0,False,0,0,1,0,0,0,0,0,0,0,1,0,0,0,0,0,0,0,0,0,0,0,0,0,3364,2209,1296,4096,2116,784,144,16,0.0,267.0,1774449.777821444
2017-11-27,50.0,37.0,False,False,False,False,438.0,358673.635567,0,False,0,0,62,50,38,58,43,27,10,4,0.0,0,0,0,0,0,0,7,True,0,0,0,1,0,0,0,0,0,0,1,0,0,1,0,0,1,0,1,0,0,1,1,0,3844,2500,1444,3364,1849,729,100,16,0.0,234.0,681834.951152
2017-11-28,53.0,41.0,False,False,False,False,487.0,1929167.07532222,0,False,0,0,65,49,32,85,54,23,17,5,0.0,0,0,0,0,0,0,0,False,0,1,0,0,0,0,0,0,0,0,1,0,0,0,0,0,0,0,0,0,0,0,0,0,4225,2401,1024,7225,2916,529,289,25,0.0,392.0,1719023.5023533
2017-11-29,75.0,25.0,False,False,False,False,559.0,3978429.440211,0,False,0,0,70,53,35,64,45,26,10,4,0.0,0,0,0,0,0,0,0,False,0,0,0,0,0,1,0,0,0,0,1,0,0,0,0,0,0,0,0,0,0,0,0,0,4900,2809,1225,4096,2025,676,100,16,0.0,149.0,220390.9689263
2017-11-30,81.0,5.0,False,False,False,False,852.0,3103918.6488774,0,False,0,0,61,51,40,70,56,42,13,4,0.0,0,0,0,0,0,0,0,False,0,0,0,0,0,0,1,0,0,0,1,0,0,0,0,0,0,0,0,0,0,0,0,0,3721,2601,1600,4900,3136,1764,169,16,0.0,19.0,5244.586667000001
2017-12-01,159.0,30.0,False,False,False,False,1415.0,4763198.5783,1,True,0,0,60,48,36,85,58,31,8,3,0.0,0,0,0,0,0,0,0,False,0,0,0,0,1,0,0,0,0,0,1,0,0,0,0,0,0,0,0,0,0,0,0,0,3600,2304,1296,7225,3364,961,64,9,0.0,291.0,1207292.017718
2017-12-02,71.0,48.0,False,False,False,False,692.0,3857754.453244,1,True,0,1,54,42,29,92,73,54,15,3,0.0,0,0,0,0,0,0,8,True,1,0,0,0,0,0,0,0,0,0,1,0,0,1,0,0,1,0,1,0,0,1,1,0,2916,1764,841,8464,5329,2916,225,9,0.0,382.0,912019.34227
2017-12-03,64.0,26.0,False,False,False,False,727.0,2450747.73353,1,True,0,0,62,49,36,92,66,39,7,2,0.0,0,0,0,0,0,0,0,False,0,0,1,0,0,0,0,0,0,0,1,0,0,0,0,0,0,0,0,0,0,0,0,0,3844,2401,1296,8464,4356,1521,49,4,0.0,216.0,1804030.8622299999
2017-12-04,68.0,50.0,False,False,False,False,548.0,2684280.604778,0,False,0,0,56,44,31,89,66,43,14,3,0.0,0,0,0,0,0,0,0,False,0,0,0,1,0,0,0,0,0,0,1,0,0,0,0,0,0,0,0,0,0,0,0,0,3136,1936,961,7921,4356,1849,196,9,0.0,438.0,358673.635567
2017-12-05,72.0,53.0,False,False,False,False,498.0,1462790.8267579996,0,False,0,0,62,50,37,100,80,60,22,8,0.15,0,1,0,0,0,1,8,True,0,1,0,0,0,0,0,0,0,0,1,0,0,1,0,1,0,0,0,1,1,0,0,1,3844,2500,1369,10000,6400,3600,484,64,0.0225,487.0,1929167.07532222
2017-12-06,66.0,75.0,False,False,False,False,706.0,5051498.951078,0,False,0,0,56,48,40,93,60,26,14,4,0.0,0,0,0,0,0,0,0,False,0,0,0,0,0,1,0,0,0,0,1,0,0,0,0,0,0,0,0,0,0,0,0,0,3136,2304,1600,8649,3600,676,196,16,0.0,559.0,3978429.440211
2017-12-07,76.0,81.0,False,False,False,False,736.0,2759819.94694,0,False,0,0,50,43,35,59,47,34,12,3,0.0,0,0,0,0,0,0,0,False,0,0,0,0,0,0,1,0,0,0,1,0,0,0,0,0,0,0,0,0,0,0,0,0,2500,1849,1225,3481,2209,1156,144,9,0.0,852.0,3103918.6488774
2017-12-08,76.0,159.0,False,False,False,False,930.0,1819158.1866799998,0,False,0,0,42,38,34,89,61,33,12,4,0.0,0,0,0,0,0,0,0,False,0,0,0,0,1,0,0,0,0,0,1,0,0,0,0,0,0,0,0,0,0,0,0,0,1764,1444,1156,7921,3721,1089,144,16,0.0,1415.0,4763198.5783
2017-12-09,60.0,71.0,False,False,False,False,536.0,1962713.8844,3,True,0,1,35,34,33,100,91,82,8,2,0.14,0,0,1,0,0,1,0,False,1,0,0,0,0,0,0,0,0,0,1,0,0,0,0,0,0,0,0,0,0,0,0,0,1225,1156,1089,10000,8281,6724,64,4,0.019600000000000003,692.0,3857754.453244
2017-12-10,46.0,64.0,False,False,False,False,607.0,1798376.675793,0,False,0,0,42,35,28,96,68,40,13,5,0.0,0,0,0,0,0,0,0,False,0,0,1,0,0,0,0,0,0,0,1,0,0,0,0,0,0,0,0,0,0,0,0,0,1764,1225,784,9216,4624,1600,169,25,0.0,727.0,2450747.73353
2017-12-11,61.0,68.0,False,False,False,False,601.0,3095478.61328,0,False,0,0,51,39,27,78,55,32,14,5,0.0,0,0,0,0,0,0,0,False,0,0,0,1,0,0,0,0,0,0,1,0,0,0,0,0,0,0,0,0,0,0,0,0,2601,1521,729,6084,3025,1024,196,25,0.0,548.0,2684280.604778
2017-12-12,53.0,72.0,False,False,False,False,296.0,654719.4310749001,0,False,0,0,50,38,26,76,54,31,21,8,0.0,0,0,0,0,0,0,0,False,0,1,0,0,0,0,0,0,0,0,1,0,0,0,0,0,0,0,0,0,0,0,0,0,2500,1444,676,5776,2916,961,441,64,0.0,498.0,1462790.8267579996
2017-12-13,61.0,66.0,False,False,False,False,543.0,1884931.9824400002,0,False,0,0,38,31,24,42,35,27,16,8,0.0,0,0,0,0,0,0,0,False,0,0,0,0,0,1,0,0,0,0,1,0,0,0,0,0,0,0,0,0,0,0,0,0,1444,961,576,1764,1225,729,256,64,0.0,706.0,5051498.951078
2017-12-14,59.0,76.0,False,False,False,False,600.0,3416490.09795,1,True,1,0,47,38,29,63,49,34,16,7,0.0,0,0,0,0,0,0,0,False,0,0,0,0,0,0,1,0,0,0,1,0,0,0,0,0,0,0,0,0,0,0,0,0,2209,1444,841,3969,2401,1156,256,49,0.0,736.0,2759819.94694
2017-12-15,57.0,76.0,False,False,False,False,515.0,1396394.0977629998,1,True,1,0,33,29,24,81,65,49,9,3,0.0,0,0,0,0,0,0,0,False,0,0,0,0,1,0,0,0,0,0,1,0,0,0,0,0,0,0,0,0,0,0,0,0,1089,841,576,6561,4225,2401,81,9,0.0,930.0,1819158.1866799998
2017-12-16,76.0,60.0,False,False,False,False,630.0,1760843.6626900001,2,True,1,1,51,38,25,68,50,32,18,8,0.0,0,0,0,0,0,0,9,True,1,0,0,0,0,0,0,0,0,0,1,0,0,1,0,0,1,0,1,0,0,1,1,0,2601,1444,625,4624,2500,1024,324,64,0.0,536.0,1962713.8844
2017-12-17,44.0,46.0,False,False,False,False,663.0,1664263.3958020003,0,False,0,0,51,40,29,78,58,38,10,1,0.0,0,1,0,0,0,1,0,False,0,0,1,0,0,0,0,0,0,0,1,0,0,0,0,0,0,0,0,0,0,0,0,0,2601,1600,841,6084,3364,1444,100,1,0.0,607.0,1798376.675793
2017-12-18,59.0,61.0,False,False,False,False,570.0,3343743.431144301,0,False,0,0,62,48,34,100,73,46,16,5,0.0,0,0,0,0,0,0,0,False,0,0,0,1,0,0,0,0,0,0,1,0,0,0,0,0,0,0,0,0,0,0,0,0,3844,2304,1156,10000,5329,2116,256,25,0.0,601.0,3095478.61328
2017-12-19,87.0,53.0,False,False,False,False,658.0,2558653.43981222,0,False,0,0,63,51,39,86,60,34,15,4,0.0,0,0,0,0,0,0,10,True,0,1,0,0,0,0,0,0,0,0,1,0,0,1,0,0,1,0,1,0,0,1,1,0,3969,2601,1521,7396,3600,1156,225,16,0.0,296.0,654719.4310749001
2017-12-20,106.0,61.0,False,False,False,False,1165.0,4108873.9563599997,0,False,0,0,62,51,39,64,45,26,9,3,0.0,0,0,0,0,0,0,0,False,0,0,0,0,0,1,0,0,0,0,1,0,0,0,0,0,0,0,0,0,0,0,0,0,3844,2601,1521,4096,2025,676,81,9,0.0,543.0,1884931.9824400002
2017-12-21,,59.0,False,False,False,False,,,1,True,1,0,47,38,28,75,56,37,9,3,0.0,0,0,0,0,0,0,0,False,0,0,0,0,0,0,1,0,0,0,1,0,0,0,0,0,0,0,0,0,0,0,0,0,2209,1444,784,5625,3136,1369,81,9,0.0,600.0,3416490.09795
2017-12-22,,57.0,False,False,False,False,,,1,True,1,0,54,42,30,75,63,50,12,4,0.0,0,0,0,0,0,0,11,True,0,0,0,0,1,0,0,0,0,0,1,0,0,1,0,0,1,0,1,0,0,1,1,0,2916,1764,900,5625,3969,2500,144,16,0.0,515.0,1396394.0977629998
2017-12-23,,76.0,False,False,False,False,,,2,True,1,1,64,55,45,90,76,62,23,10,0.06,0,1,0,0,0,1,0,False,1,0,0,0,0,0,0,0,0,0,1,0,0,0,0,0,0,0,0,0,0,0,0,0,4096,3025,2025,8100,5776,3844,529,100,0.0036,630.0,1760843.6626900001
2017-12-24,,44.0,False,True,False,False,,,0,False,0,0,47,41,35,89,73,57,10,4,0.0,0,0,0,0,0,0,0,False,0,0,1,0,0,0,0,0,0,0,1,0,0,0,0,0,0,0,0,0,0,0,0,0,2209,1681,1225,7921,5329,3249,100,16,0.0,663.0,1664263.3958020003
2017-12-25,,59.0,True,False,True,False,,,0,False,0,0,43,37,31,82,54,26,21,6,0.0,0,0,0,0,0,0,0,False,0,0,0,1,0,0,0,0,0,0,1,0,0,0,0,0,0,0,0,0,0,0,0,0,1849,1369,961,6724,2916,676,441,36,0.0,570.0,3343743.431144301
2017-12-26,,87.0,False,False,False,True,,,0,False,0,0,39,34,28,53,43,32,13,3,0.0,0,0,0,0,0,0,0,False,0,1,0,0,0,0,0,0,0,0,1,0,0,0,0,0,0,0,0,0,0,0,0,0,1521,1156,784,2809,1849,1024,169,9,0.0,658.0,2558653.43981222
2017-12-27,,106.0,False,False,False,False,,,0,False,0,0,38,29,20,68,54,40,15,6,0.0,0,0,0,0,0,0,0,False,0,0,0,0,0,1,0,0,0,0,1,0,0,0,0,0,0,0,0,0,0,0,0,0,1444,841,400,4624,2916,1600,225,36,0.0,1165.0,4108873.9563599997
