Time,Download (B),Total (B)
2016/12/31 22:00:00.000000 +00:00,0,0
2017/01/01 02:00:00.000000 +00:00,14405.40444,52117.61778
2017/01/01 06:00:00.000000 +00:00,195.1288889,243.4844444
2017/01/01 10:00:00.000000 +00:00,392986.1689,431200.1422
2017/01/01 14:00:00.000000 +00:00,144709.4044,179572.0533
2017/01/01 18:00:00.000000 +00:00,127586.9867,137284.8356
2017/01/01 22:00:00.000000 +00:00,181485.2267,195148.2311
2017/01/02 02:00:00.000000 +00:00,10.80888889,44.94222222
2017/01/02 06:00:00.000000 +00:00,6843.733333,7420.586667
2017/01/02 10:00:00.000000 +00:00,56189.15556,71663.50222
2017/01/02 14:00:00.000000 +00:00,230290.7733,281617.0667
2017/01/02 18:00:00.000000 +00:00,226699.9467,265055.5733
2017/01/02 22:00:00.000000 +00:00,33091.12889,45052.01778
2017/01/03 02:00:00.000000 +00:00,220554.8089,230941.5822
2017/01/03 06:00:00.000000 +00:00,325.9733333,461.9377778
2017/01/03 10:00:00.000000 +00:00,131634.0622,143553.9911
2017/01/03 14:00:00.000000 +00:00,394922.0978,428830.72
2017/01/03 18:00:00.000000 +00:00,48508.58667,60026.88
2017/01/03 22:00:00.000000 +00:00,7947.377778,10470.96889
2017/01/04 02:00:00.000000 +00:00,1194.097778,1755.022222
2017/01/04 06:00:00.000000 +00:00,6510.364444,7644.728889
2017/01/04 10:00:00.000000 +00:00,317706.8089,331302.1156
2017/01/04 14:00:00.000000 +00:00,1053010.489,1094119.538
2017/01/04 18:00:00.000000 +00:00,162090.6667,169407.1467
2017/01/04 22:00:00.000000 +00:00,11556.40889,12647.53778
2017/01/05 02:00:00.000000 +00:00,2270.435556,3751.822222
2017/01/05 06:00:00.000000 +00:00,677.5466667,785.0666667
2017/01/05 10:00:00.000000 +00:00,50111.14667,54811.87556
2017/01/05 14:00:00.000000 +00:00,249797.9733,263185.6356
2017/01/05 18:00:00.000000 +00:00,196794.5956,247246.5067
2017/01/05 22:00:00.000000 +00:00,13908.76444,16242.91556
2017/01/06 02:00:00.000000 +00:00,0,0
2017/01/06 06:00:00.000000 +00:00,102.9688889,142.2222222
2017/01/06 10:00:00.000000 +00:00,14534.54222,17985.42222
2017/01/06 14:00:00.000000 +00:00,132775.8222,144381.1556
2017/01/06 18:00:00.000000 +00:00,320049.4933,335671.7511
2017/01/06 22:00:00.000000 +00:00,20895.28889,22639.50222
2017/01/07 02:00:00.000000 +00:00,420.4088889,490.9511111
2017/01/07 06:00:00.000000 +00:00,2144.711111,2421.76
2017/01/07 10:00:00.000000 +00:00,10757.68889,13874.63111
2017/01/07 14:00:00.000000 +00:00,168441.7422,216581.6889
2017/01/07 18:00:00.000000 +00:00,25909.47556,43131.44889
2017/01/07 22:00:00.000000 +00:00,841.9555556,1137.777778
2017/01/08 02:00:00.000000 +00:00,943.2177778,1137.777778
2017/01/08 06:00:00.000000 +00:00,1327.217778,1476.835556
2017/01/08 10:00:00.000000 +00:00,13197.08444,15916.37333
2017/01/08 14:00:00.000000 +00:00,84106.24,99789.93778
2017/01/08 18:00:00.000000 +00:00,16896.56889,19235.84
2017/01/08 22:00:00.000000 +00:00,1410.275556,1647.502222
2017/01/09 02:00:00.000000 +00:00,48.92444444,87.60888889
2017/01/09 06:00:00.000000 +00:00,7322.168889,7751.111111
2017/01/09 10:00:00.000000 +00:00,29201.63556,31143.25333
2017/01/09 14:00:00.000000 +00:00,502259.4844,571254.8978
2017/01/09 18:00:00.000000 +00:00,235353.8844,263058.2044
2017/01/09 22:00:00.000000 +00:00,2020.124444,2526.435556
2017/01/10 02:00:00.000000 +00:00,0,0
2017/01/10 06:00:00.000000 +00:00,625.7777778,876.0888889
2017/01/10 10:00:00.000000 +00:00,968311.4667,1000078.222
2017/01/10 14:00:00.000000 +00:00,906914.7022,943037.44
2017/01/10 18:00:00.000000 +00:00,380141.2267,407577.6
2017/01/10 22:00:00.000000 +00:00,3836.017778,4384.995556
2017/01/11 02:00:00.000000 +00:00,869.2622222,1156.551111
2017/01/11 06:00:00.000000 +00:00,21.61777778,31.85777778
2017/01/11 10:00:00.000000 +00:00,60645.83111,63681.99111
2017/01/11 14:00:00.000000 +00:00,531004.3022,553376.4267
2017/01/11 18:00:00.000000 +00:00,551390.4356,576291.84
2017/01/11 22:00:00.000000 +00:00,13168.64,16001.13778
2017/01/12 02:00:00.000000 +00:00,7850.666667,14116.40889
2017/01/12 06:00:00.000000 +00:00,139388.5867,145125.8311
2017/01/12 10:00:00.000000 +00:00,547055.5022,585784.32
2017/01/12 14:00:00.000000 +00:00,335893.0489,354348.3733
2017/01/12 18:00:00.000000 +00:00,336727.6089,354234.5956
2017/01/12 22:00:00.000000 +00:00,31813.97333,34606.08
2017/01/13 02:00:00.000000 +00:00,373.1911111,642.8444444
2017/01/13 06:00:00.000000 +00:00,73346.27556,81240.17778
2017/01/13 10:00:00.000000 +00:00,494489.6,533807.7867
2017/01/13 14:00:00.000000 +00:00,459457.4222,509086.72
2017/01/13 18:00:00.000000 +00:00,163064.6044,176539.8756
2017/01/13 22:00:00.000000 +00:00,109615.2178,127958.4711
2017/01/14 02:00:00.000000 +00:00,110795.0933,122891.9467
2017/01/14 06:00:00.000000 +00:00,541.0133333,646.8266667
2017/01/14 10:00:00.000000 +00:00,13445.12,17386.38222
2017/01/14 14:00:00.000000 +00:00,279371.6622,304224.1422
2017/01/14 18:00:00.000000 +00:00,186435.1289,202046.5778
2017/01/14 22:00:00.000000 +00:00,78772.90667,85501.72444
2017/01/15 02:00:00.000000 +00:00,5947.164444,7395.555556
2017/01/15 06:00:00.000000 +00:00,4972.088889,5476.693333
2017/01/15 10:00:00.000000 +00:00,34982.68444,39919.50222
2017/01/15 14:00:00.000000 +00:00,149572.8356,184868.9778
2017/01/15 18:00:00.000000 +00:00,61866.66667,77349.54667
2017/01/15 22:00:00.000000 +00:00,87623.68,91225.88444
2017/01/16 02:00:00.000000 +00:00,5022.151111,5609.244444
2017/01/16 06:00:00.000000 +00:00,265520.3556,272925.0133
2017/01/16 10:00:00.000000 +00:00,76548.55111,82315.37778
2017/01/16 14:00:00.000000 +00:00,214586.5956,264230.6844
2017/01/16 18:00:00.000000 +00:00,208716.2311,224996.1244
2017/01/16 22:00:00.000000 +00:00,40151.04,79222.89778
2017/01/17 02:00:00.000000 +00:00,4487.395556,8504.32
2017/01/17 06:00:00.000000 +00:00,17635.55556,22085.97333
2017/01/17 10:00:00.000000 +00:00,280966.8267,300653.7956
2017/01/17 14:00:00.000000 +00:00,318787.1289,427025.6356
2017/01/17 18:00:00.000000 +00:00,161864.8178,183315.3422
2017/01/17 22:00:00.000000 +00:00,51767.18222,55473.49333
2017/01/18 02:00:00.000000 +00:00,170.0977778,236.6577778
2017/01/18 06:00:00.000000 +00:00,7323.875556,7676.017778
2017/01/18 10:00:00.000000 +00:00,94146.56,105522.6311
2017/01/18 14:00:00.000000 +00:00,421112.0356,451514.0267
2017/01/18 18:00:00.000000 +00:00,220209.4933,235637.1911
2017/01/18 22:00:00.000000 +00:00,2555.448889,3375.786667
2017/01/19 02:00:00.000000 +00:00,1257.813333,1821.582222
2017/01/19 06:00:00.000000 +00:00,12079.21778,12980.90667
2017/01/19 10:00:00.000000 +00:00,116270.6489,133401.6
2017/01/19 14:00:00.000000 +00:00,142711.4667,170567.68
2017/01/19 18:00:00.000000 +00:00,148113.0667,187266.8444
2017/01/19 22:00:00.000000 +00:00,21052.30222,23161.74222
2017/01/20 02:00:00.000000 +00:00,51056.07111,55037.15556
2017/01/20 06:00:00.000000 +00:00,2487.751111,2835.342222
2017/01/20 10:00:00.000000 +00:00,904723.3422,946222.6489
2017/01/20 14:00:00.000000 +00:00,495640.4622,540071.8222
2017/01/20 18:00:00.000000 +00:00,474411.8044,498658.4178
2017/01/20 22:00:00.000000 +00:00,70510.36444,87450.73778
2017/01/21 02:00:00.000000 +00:00,2115.697778,3045.262222
2017/01/21 06:00:00.000000 +00:00,21655.32444,23653.83111
2017/01/21 10:00:00.000000 +00:00,96306.63111,137977.1733
2017/01/21 14:00:00.000000 +00:00,325475.5556,441958.4
2017/01/21 18:00:00.000000 +00:00,184033.28,233004.9422
2017/01/21 22:00:00.000000 +00:00,59878.4,73019.73333
2017/01/22 02:00:00.000000 +00:00,20386.70222,22285.08444
2017/01/22 06:00:00.000000 +00:00,1352.817778,1525.191111
2017/01/22 10:00:00.000000 +00:00,127304.2489,144394.8089
2017/01/22 14:00:00.000000 +00:00,408422.4,435044.6933
2017/01/22 18:00:00.000000 +00:00,301376.8533,425391.7867
2017/01/22 22:00:00.000000 +00:00,150485.3333,156507.5911
2017/01/23 02:00:00.000000 +00:00,569.4577778,816.3555556
2017/01/23 06:00:00.000000 +00:00,930.7022222,1309.582222
2017/01/23 10:00:00.000000 +00:00,38316.37333,43053.51111
2017/01/23 14:00:00.000000 +00:00,153240.4622,169453.7956
2017/01/23 18:00:00.000000 +00:00,61701.68889,65653.19111
2017/01/23 22:00:00.000000 +00:00,1670.826667,2124.231111
2017/01/24 02:00:00.000000 +00:00,183.1822222,271.36
2017/01/24 06:00:00.000000 +00:00,1649.208889,1970.631111
2017/01/24 10:00:00.000000 +00:00,167435.9467,180066.9867
2017/01/24 14:00:00.000000 +00:00,247895.6089,261969.3511
2017/01/24 18:00:00.000000 +00:00,38413.65333,42912.42667
2017/01/24 22:00:00.000000 +00:00,37489.20889,40525.93778
2017/01/25 02:00:00.000000 +00:00,149.6177778,252.5866667
2017/01/25 06:00:00.000000 +00:00,16149.61778,17446.11556
2017/01/25 10:00:00.000000 +00:00,270712.0356,286153.3867
2017/01/25 14:00:00.000000 +00:00,929433.6,1016500.907
2017/01/25 18:00:00.000000 +00:00,390409.6711,486683.8756
2017/01/25 22:00:00.000000 +00:00,133631.4311,139220.1956
2017/01/26 02:00:00.000000 +00:00,900.5511111,1191.822222
2017/01/26 06:00:00.000000 +00:00,143846.9689,151060.48
2017/01/26 10:00:00.000000 +00:00,338425.7422,372368.4978
2017/01/26 14:00:00.000000 +00:00,246526.2933,278893.2267
2017/01/26 18:00:00.000000 +00:00,149789.0133,172083.7689
2017/01/26 22:00:00.000000 +00:00,8493.511111,10113.13778
2017/01/27 02:00:00.000000 +00:00,64730.45333,66848.42667
2017/01/27 06:00:00.000000 +00:00,30920.81778,33245.29778
2017/01/27 10:00:00.000000 +00:00,129889.28,144055.7511
2017/01/27 14:00:00.000000 +00:00,258856.96,319918.08
2017/01/27 18:00:00.000000 +00:00,215736.32,262575.7867
2017/01/27 22:00:00.000000 +00:00,10142.72,13144.17778
2017/01/28 02:00:00.000000 +00:00,12420.55111,14404.83556
2017/01/28 06:00:00.000000 +00:00,2720.426667,3376.924444
2017/01/28 10:00:00.000000 +00:00,282820.2667,289539.9822
2017/01/28 14:00:00.000000 +00:00,489931.0933,543137.5644
2017/01/28 18:00:00.000000 +00:00,84282.59556,100423.1111
2017/01/28 22:00:00.000000 +00:00,47090.34667,49489.35111
2017/01/29 02:00:00.000000 +00:00,20635.87556,26506.24
2017/01/29 06:00:00.000000 +00:00,5906.204444,6554.168889
2017/01/29 10:00:00.000000 +00:00,9629.582222,14034.48889
2017/01/29 14:00:00.000000 +00:00,878338.8444,951876.2667
2017/01/29 18:00:00.000000 +00:00,200907.6622,215343.2178
2017/01/29 22:00:00.000000 +00:00,53039.78667,80080.21333
2017/01/30 02:00:00.000000 +00:00,7692.515556,9021.44
2017/01/30 06:00:00.000000 +00:00,1606.542222,2272.142222
2017/01/30 10:00:00.000000 +00:00,15524.40889,16704.85333
2017/01/30 14:00:00.000000 +00:00,35897.45778,51870.15111
2017/01/30 18:00:00.000000 +00:00,91620.69333,102999.6089
2017/01/30 22:00:00.000000 +00:00,72261.40444,77418.95111
2017/01/31 02:00:00.000000 +00:00,8257.991111,12001.28
2017/01/31 06:00:00.000000 +00:00,1144.604444,1559.324444
2017/01/31 10:00:00.000000 +00:00,485159.8222,544187.1644
2017/01/31 14:00:00.000000 +00:00,1088051.2,1554773.333
2017/01/31 18:00:00.000000 +00:00,255606.8978,276961.8489
2017/01/31 22:00:00.000000 +00:00,81912.60444,86249.81333
2017/02/01 02:00:00.000000 +00:00,242.3466667,366.9333333
2017/02/01 06:00:00.000000 +00:00,33665.13778,34445.65333
2017/02/01 10:00:00.000000 +00:00,74934.61333,81422.79111
2017/02/01 14:00:00.000000 +00:00,249826.4178,271980.0889
2017/02/01 18:00:00.000000 +00:00,353611.6622,376096.4267
2017/02/01 22:00:00.000000 +00:00,8902.542222,10287.78667
2017/02/02 02:00:00.000000 +00:00,0,0
2017/02/02 06:00:00.000000 +00:00,1206.613333,1298.773333
2017/02/02 10:00:00.000000 +00:00,76390.96889,110669.3689
2017/02/02 14:00:00.000000 +00:00,337819.8756,574318.3644
2017/02/02 18:00:00.000000 +00:00,286363.8756,302496.4267
2017/02/02 22:00:00.000000 +00:00,37220.12444,42956.8
2017/02/03 02:00:00.000000 +00:00,29.01333333,43.23555556
2017/02/03 06:00:00.000000 +00:00,580.2666667,683.8044444
2017/02/03 10:00:00.000000 +00:00,183209.5289,197772.5156
2017/02/03 14:00:00.000000 +00:00,271567.0756,287209.2444
2017/02/03 18:00:00.000000 +00:00,114881.4222,140160
2017/02/03 22:00:00.000000 +00:00,99555.55556,112394.24
2017/02/04 02:00:00.000000 +00:00,26839.04,30965.76
2017/02/04 06:00:00.000000 +00:00,285961.1022,291465.1022
2017/02/04 10:00:00.000000 +00:00,28104.24889,36052.76444
2017/02/04 14:00:00.000000 +00:00,470691.84,517276.4444
2017/02/04 18:00:00.000000 +00:00,90336.71111,99539.05778
2017/02/04 22:00:00.000000 +00:00,58794.66667,68350.29333
2017/02/05 02:00:00.000000 +00:00,10617.74222,12040.53333
2017/02/05 06:00:00.000000 +00:00,199109.4044,203914.24
2017/02/05 10:00:00.000000 +00:00,41931.09333,84586.38222
2017/02/05 14:00:00.000000 +00:00,417637.2622,507709.44
2017/02/05 18:00:00.000000 +00:00,346664.96,366846.2933
2017/02/05 22:00:00.000000 +00:00,50710.18667,62442.95111
2017/02/06 02:00:00.000000 +00:00,26265.03111,34050.27556
2017/02/06 06:00:00.000000 +00:00,6947.271111,7451.306667
2017/02/06 10:00:00.000000 +00:00,109544.6756,127140.9778
2017/02/06 14:00:00.000000 +00:00,164202.3822,284686.7911
2017/02/06 18:00:00.000000 +00:00,395658.8089,440719.9289
2017/02/06 22:00:00.000000 +00:00,103973.5467,112298.6667
2017/02/07 02:00:00.000000 +00:00,396.5155556,615.5377778
2017/02/07 06:00:00.000000 +00:00,153.6,193.9911111
2017/02/07 10:00:00.000000 +00:00,496239.5022,527700.7644
2017/02/07 14:00:00.000000 +00:00,486110.4356,549207.6089
2017/02/07 18:00:00.000000 +00:00,576122.88,631417.1733
2017/02/07 22:00:00.000000 +00:00,18965.04889,24390.54222
2017/02/08 02:00:00.000000 +00:00,0,0
2017/02/08 06:00:00.000000 +00:00,2232.888889,2595.84
2017/02/08 10:00:00.000000 +00:00,43037.01333,58638.22222
2017/02/08 14:00:00.000000 +00:00,1710977.138,2029915.022
2017/02/08 18:00:00.000000 +00:00,279938.8444,336164.9778
2017/02/08 22:00:00.000000 +00:00,37663.85778,43347.62667
2017/02/09 02:00:00.000000 +00:00,37741.79556,39800.03556
2017/02/09 06:00:00.000000 +00:00,106769.0667,110283.0933
2017/02/09 10:00:00.000000 +00:00,27456.28444,32223.00444
2017/02/09 14:00:00.000000 +00:00,410194.4889,435576.6044
2017/02/09 18:00:00.000000 +00:00,40408.74667,49430.18667
2017/02/09 22:00:00.000000 +00:00,42281.52889,60569.6
2017/02/10 02:00:00.000000 +00:00,207580.16,215051.3778
2017/02/10 06:00:00.000000 +00:00,3111.253333,3642.595556
2017/02/10 10:00:00.000000 +00:00,48408.46222,56063.43111
2017/02/10 14:00:00.000000 +00:00,317859.2711,360386.56
2017/02/10 18:00:00.000000 +00:00,115519.1467,129020.0178
2017/02/10 22:00:00.000000 +00:00,41172.19556,51456.56889
2017/02/11 02:00:00.000000 +00:00,58368.56889,70353.92
2017/02/11 06:00:00.000000 +00:00,26926.08,27958.61333
2017/02/11 10:00:00.000000 +00:00,54595.69778,60402.34667
2017/02/11 14:00:00.000000 +00:00,389314.56,462194.3467
2017/02/11 18:00:00.000000 +00:00,1247870.293,1332640.427
2017/02/11 22:00:00.000000 +00:00,126214.8267,183083.8044
2017/02/12 02:00:00.000000 +00:00,38798.22222,45564.58667
2017/02/12 06:00:00.000000 +00:00,126.8622222,186.0266667
2017/02/12 10:00:00.000000 +00:00,241629.8667,293793.5644
2017/02/12 14:00:00.000000 +00:00,510057.2444,612982.3289
2017/02/12 18:00:00.000000 +00:00,461776.7822,631099.7333
2017/02/12 22:00:00.000000 +00:00,32953.45778,35108.97778
2017/02/13 02:00:00.000000 +00:00,1363.626667,1588.906667
2017/02/13 06:00:00.000000 +00:00,33684.48,50341.54667
2017/02/13 10:00:00.000000 +00:00,326012.5867,346163.2
2017/02/13 14:00:00.000000 +00:00,241387.52,351389.5822
2017/02/13 18:00:00.000000 +00:00,412188.4444,468687.6444
2017/02/13 22:00:00.000000 +00:00,27044.40889,30027.66222
2017/02/14 02:00:00.000000 +00:00,23184.49778,26877.72444
2017/02/14 06:00:00.000000 +00:00,108980.9067,115038.4356
2017/02/14 10:00:00.000000 +00:00,165158.6844,182132.0533
2017/02/14 14:00:00.000000 +00:00,209645.2267,230993.92
2017/02/14 18:00:00.000000 +00:00,437513.6711,463341.2267
2017/02/14 22:00:00.000000 +00:00,3031.608889,3317.191111
2017/02/15 02:00:00.000000 +00:00,2466.702222,3277.368889
2017/02/15 06:00:00.000000 +00:00,32572.87111,40870.11556
2017/02/15 10:00:00.000000 +00:00,148753.6356,174398.0089
2017/02/15 14:00:00.000000 +00:00,410879.4311,438809.6
2017/02/15 18:00:00.000000 +00:00,254370.1333,284222.0089
2017/02/15 22:00:00.000000 +00:00,5948.302222,7508.195556
2017/02/16 02:00:00.000000 +00:00,0,0
2017/02/16 06:00:00.000000 +00:00,0,0
2017/02/16 10:00:00.000000 +00:00,65195.80444,88602.16889
2017/02/16 14:00:00.000000 +00:00,1367342.649,1424252.018
2017/02/16 18:00:00.000000 +00:00,395370.9511,420403.2
2017/02/16 22:00:00.000000 +00:00,7010.986667,8106.666667
2017/02/17 02:00:00.000000 +00:00,11.37777778,18.20444444
2017/02/17 06:00:00.000000 +00:00,1171.911111,1601.422222
2017/02/17 10:00:00.000000 +00:00,231294.2933,251868.16
2017/02/17 14:00:00.000000 +00:00,1199230.293,1312907.947
2017/02/17 18:00:00.000000 +00:00,817861.9733,875328.2844
2017/02/17 22:00:00.000000 +00:00,138521.0311,179917.9378
2017/02/18 02:00:00.000000 +00:00,4169.386667,7067.875556
2017/02/18 06:00:00.000000 +00:00,946.0622222,2800.071111
2017/02/18 10:00:00.000000 +00:00,102405.12,132309.3333
2017/02/18 14:00:00.000000 +00:00,657327.7867,858777.6
2017/02/18 18:00:00.000000 +00:00,577024,663752.8178
2017/02/18 22:00:00.000000 +00:00,65701.54667,82018.41778
2017/02/19 02:00:00.000000 +00:00,9455.502222,11059.76889
2017/02/19 06:00:00.000000 +00:00,8122.026667,8791.608889
2017/02/19 10:00:00.000000 +00:00,170948.2667,200352.4267
2017/02/19 14:00:00.000000 +00:00,586731.52,797234.6311
2017/02/19 18:00:00.000000 +00:00,303005.5822,402451.9111
2017/02/19 22:00:00.000000 +00:00,110274.56,122265.0311
2017/02/20 02:00:00.000000 +00:00,334.5066667,457.3866667
2017/02/20 06:00:00.000000 +00:00,831.1466667,1130.951111
2017/02/20 10:00:00.000000 +00:00,147884.3733,157904.7822
2017/02/20 14:00:00.000000 +00:00,1215082.951,1284398.08
2017/02/20 18:00:00.000000 +00:00,417063.2533,570003.3422
2017/02/20 22:00:00.000000 +00:00,39776.14222,42621.72444
2017/02/21 02:00:00.000000 +00:00,10.24,17.63555556
2017/02/21 06:00:00.000000 +00:00,7.964444444,7.964444444
2017/02/21 10:00:00.000000 +00:00,444032,572348.8711
2017/02/21 14:00:00.000000 +00:00,486476.2311,617939.6267
2017/02/21 18:00:00.000000 +00:00,592552.96,729568.1422
2017/02/21 22:00:00.000000 +00:00,93830.82667,117833.9556
2017/02/22 02:00:00.000000 +00:00,149839.0756,154399.2889
2017/02/22 06:00:00.000000 +00:00,101923.2711,106323.6267
2017/02/22 10:00:00.000000 +00:00,135162.3111,158129.4933
2017/02/22 14:00:00.000000 +00:00,779020.5156,852070.9689
2017/02/22 18:00:00.000000 +00:00,74031.78667,91437.51111
2017/02/22 22:00:00.000000 +00:00,590.5066667,746.3822222
2017/02/23 02:00:00.000000 +00:00,25.6,39.25333333
2017/02/23 06:00:00.000000 +00:00,9268.337778,9883.306667
2017/02/23 10:00:00.000000 +00:00,224628.0533,259517.44
2017/02/23 14:00:00.000000 +00:00,529821.5822,712598.1867
2017/02/23 18:00:00.000000 +00:00,1523305.813,1730549.191
2017/02/23 22:00:00.000000 +00:00,17253.83111,19392.28444
2017/02/24 02:00:00.000000 +00:00,81473.42222,83366.11556
2017/02/24 06:00:00.000000 +00:00,749.7955556,867.5555556
2017/02/24 10:00:00.000000 +00:00,138286.6489,176919.8933
2017/02/24 14:00:00.000000 +00:00,506751.4311,698313.3867
2017/02/24 18:00:00.000000 +00:00,687226.3111,835597.6533
2017/02/24 22:00:00.000000 +00:00,355777.4222,457226.24
2017/02/25 02:00:00.000000 +00:00,39081.52889,48697.45778
2017/02/25 06:00:00.000000 +00:00,0,0
2017/02/25 10:00:00.000000 +00:00,317070.2222,335058.4889
2017/02/25 14:00:00.000000 +00:00,868219.4489,958917.9733
2017/02/25 18:00:00.000000 +00:00,367862.3289,509931.52
2017/02/25 22:00:00.000000 +00:00,120214.7556,149857.28
2017/02/26 02:00:00.000000 +00:00,6531.413333,8081.635556
2017/02/26 06:00:00.000000 +00:00,114.3466667,161.5644444
2017/02/26 10:00:00.000000 +00:00,29304.03556,35340.51556
2017/02/26 14:00:00.000000 +00:00,615709.0133,701107.7689
2017/02/26 18:00:00.000000 +00:00,80129.70667,108229.9733
2017/02/26 22:00:00.000000 +00:00,206514.0622,217827.5556
2017/02/27 02:00:00.000000 +00:00,5006.222222,6725.973333
2017/02/27 06:00:00.000000 +00:00,2839.324444,3350.186667
2017/02/27 10:00:00.000000 +00:00,271013.5467,280574.2933
2017/02/27 14:00:00.000000 +00:00,256901.6889,302814.4356
2017/02/27 18:00:00.000000 +00:00,134185.5289,163810.9867
2017/02/27 22:00:00.000000 +00:00,80907.37778,91893.19111
2017/02/28 02:00:00.000000 +00:00,162.1333333,292.4088889
2017/02/28 06:00:00.000000 +00:00,252.5866667,395.9466667
2017/02/28 10:00:00.000000 +00:00,586002.7733,614634.3822
2017/02/28 14:00:00.000000 +00:00,343527.5378,388027.7333
2017/02/28 18:00:00.000000 +00:00,134768.64,191385.0311
2017/02/28 22:00:00.000000 +00:00,40614.11556,45499.16444
2017/03/01 02:00:00.000000 +00:00,543.2888889,688.9244444
2017/03/01 06:00:00.000000 +00:00,255.4311111,277.6177778
2017/03/01 10:00:00.000000 +00:00,243772.3022,482200.4622
2017/03/01 14:00:00.000000 +00:00,331453.44,482879.7156
2017/03/01 18:00:00.000000 +00:00,239804.8711,283934.1511
2017/03/01 22:00:00.000000 +00:00,178103.7511,329778.0622
2017/03/02 02:00:00.000000 +00:00,11646.86222,14641.49333
2017/03/02 06:00:00.000000 +00:00,33610.52444,37216.14222
2017/03/02 10:00:00.000000 +00:00,63772.44444,69821.44
2017/03/02 14:00:00.000000 +00:00,773410.1333,828368.7822
2017/03/02 18:00:00.000000 +00:00,308487.9644,327367.68
2017/03/02 22:00:00.000000 +00:00,161360.7822,216582.2578
2017/03/03 02:00:00.000000 +00:00,2840.462222,3339.377778
2017/03/03 06:00:00.000000 +00:00,64522.80889,68263.25333
2017/03/03 10:00:00.000000 +00:00,21513.67111,37965.36889
2017/03/03 14:00:00.000000 +00:00,560111.5022,694369.8489
2017/03/03 18:00:00.000000 +00:00,886966.6133,943925.4756
2017/03/03 22:00:00.000000 +00:00,118834.6311,126933.3333
2017/03/04 02:00:00.000000 +00:00,22412.51556,24420.69333
2017/03/04 06:00:00.000000 +00:00,732.16,1244.16
2017/03/04 10:00:00.000000 +00:00,649374.1511,664088.4622
2017/03/04 14:00:00.000000 +00:00,2633047.609,3146779.307
2017/03/04 18:00:00.000000 +00:00,323583.4311,343065.6
2017/03/04 22:00:00.000000 +00:00,9807.644444,18976.42667
2017/03/05 02:00:00.000000 +00:00,0,0
2017/03/05 06:00:00.000000 +00:00,0,0
2017/03/05 10:00:00.000000 +00:00,227190.3289,231582.72
2017/03/05 14:00:00.000000 +00:00,1861449.387,1902008.889
2017/03/05 18:00:00.000000 +00:00,68641.56444,74567.68
2017/03/05 22:00:00.000000 +00:00,5543.253333,6505.244444
2017/03/06 02:00:00.000000 +00:00,16159.85778,16919.32444
2017/03/06 06:00:00.000000 +00:00,104329.6711,110177.8489
2017/03/06 10:00:00.000000 +00:00,176794.1689,193805.0844
2017/03/06 14:00:00.000000 +00:00,736495.5022,781009.92
2017/03/06 18:00:00.000000 +00:00,51228.44444,68271.21778
2017/03/06 22:00:00.000000 +00:00,83657.38667,96626.91556
2017/03/07 02:00:00.000000 +00:00,0,4.551111111
2017/03/07 06:00:00.000000 +00:00,84555.09333,88531.62667
2017/03/07 10:00:00.000000 +00:00,338915.5556,358250.9511
2017/03/07 14:00:00.000000 +00:00,416266.8089,669697.7067
2017/03/07 18:00:00.000000 +00:00,481515.52,647414.8978
2017/03/07 22:00:00.000000 +00:00,87554.27556,94044.72889
2017/03/08 02:00:00.000000 +00:00,32554.09778,71578.16889
2017/03/08 06:00:00.000000 +00:00,61919.00444,66936.60444
2017/03/08 10:00:00.000000 +00:00,118444.3733,130587.8756
2017/03/08 14:00:00.000000 +00:00,822926.7911,934979.1289
2017/03/08 18:00:00.000000 +00:00,279154.9156,313791.7156
2017/03/08 22:00:00.000000 +00:00,254924.2311,308853.1911
2017/03/09 02:00:00.000000 +00:00,123009.1378,129376.7111
2017/03/09 06:00:00.000000 +00:00,823.1822222,945.4933333
2017/03/09 10:00:00.000000 +00:00,126124.3733,165641.6711
2017/03/09 14:00:00.000000 +00:00,2351332.693,2543149.511
2017/03/09 18:00:00.000000 +00:00,660645.5467,786362.0267
2017/03/09 22:00:00.000000 +00:00,171977.9556,183273.2444
2017/03/10 02:00:00.000000 +00:00,58155.23556,60063.28889
2017/03/10 06:00:00.000000 +00:00,888.0355556,3236.977778
2017/03/10 10:00:00.000000 +00:00,75505.20889,118530.2756
2017/03/10 14:00:00.000000 +00:00,619737.8844,702927.0756
2017/03/10 18:00:00.000000 +00:00,354069.0489,413908.1956
2017/03/10 22:00:00.000000 +00:00,287390.72,315547.8756
2017/03/11 02:00:00.000000 +00:00,4553.386667,6109.297778
2017/03/11 06:00:00.000000 +00:00,22095.07556,23303.96444
2017/03/11 10:00:00.000000 +00:00,40681.24444,47220.62222
2017/03/11 14:00:00.000000 +00:00,173691.4489,229996.0889
2017/03/11 18:00:00.000000 +00:00,164652.9422,192761.7422
2017/03/11 22:00:00.000000 +00:00,160700.8711,213009.6356
2017/03/12 02:00:00.000000 +00:00,2865.493333,3770.595556
2017/03/12 06:00:00.000000 +00:00,303.2177778,356.1244444
2017/03/12 10:00:00.000000 +00:00,18826.24,19822.93333
2017/03/12 14:00:00.000000 +00:00,253338.7378,270715.4489
2017/03/12 18:00:00.000000 +00:00,137659.7333,194368.8533
2017/03/12 22:00:00.000000 +00:00,387742.1511,399481.7422
2017/03/13 02:00:00.000000 +00:00,122.88,133.6888889
2017/03/13 06:00:00.000000 +00:00,1034.808889,1103.644444
2017/03/13 10:00:00.000000 +00:00,46837.19111,50852.97778
2017/03/13 14:00:00.000000 +00:00,256282.7378,283619.5556
2017/03/13 18:00:00.000000 +00:00,140854.0444,157838.7911
2017/03/13 22:00:00.000000 +00:00,26312.81778,28101.40444
2017/03/14 02:00:00.000000 +00:00,1482.524444,2098.631111
2017/03/14 06:00:00.000000 +00:00,1129.813333,1518.364444
2017/03/14 10:00:00.000000 +00:00,61903.07556,68564.19556
2017/03/14 14:00:00.000000 +00:00,375895.6089,509386.5244
2017/03/14 18:00:00.000000 +00:00,192627.4844,216875.2356
2017/03/14 22:00:00.000000 +00:00,324399.7867,338759.1111
2017/03/15 02:00:00.000000 +00:00,72.24888889,105.2444444
2017/03/15 06:00:00.000000 +00:00,21878.32889,27497.24444
2017/03/15 10:00:00.000000 +00:00,18905.31556,21012.48
2017/03/15 14:00:00.000000 +00:00,91593.38667,96765.15556
2017/03/15 18:00:00.000000 +00:00,98896.78222,121030.5422
2017/03/15 22:00:00.000000 +00:00,3313844.338,3431008.711
2017/03/16 02:00:00.000000 +00:00,1036851.2,1057974.613
2017/03/16 06:00:00.000000 +00:00,2656845.369,2711995.164
2017/03/16 10:00:00.000000 +00:00,2419791.076,2486748.16
2017/03/16 14:00:00.000000 +00:00,809755.3067,869051.7333
2017/03/16 18:00:00.000000 +00:00,291504.9244,584370.0622
2017/03/16 22:00:00.000000 +00:00,166031.36,348369.92
2017/03/17 02:00:00.000000 +00:00,732.7288889,1005.226667
2017/03/17 06:00:00.000000 +00:00,65172.48,70711.18222
2017/03/17 10:00:00.000000 +00:00,448234.3822,459739.0222
2017/03/17 14:00:00.000000 +00:00,243101.5822,308491.9467
2017/03/17 18:00:00.000000 +00:00,299038.1511,339924.1956
2017/03/17 22:00:00.000000 +00:00,131310.9333,144757.76
2017/03/18 02:00:00.000000 +00:00,7686.826667,9445.262222
2017/03/18 06:00:00.000000 +00:00,11699.2,17509.26222
2017/03/18 10:00:00.000000 +00:00,713440.7111,734804.1956
2017/03/18 14:00:00.000000 +00:00,294654.2933,373340.7289
2017/03/18 18:00:00.000000 +00:00,2083787.662,2763270.827
2017/03/18 22:00:00.000000 +00:00,384995.5556,559377.0667
2017/03/19 02:00:00.000000 +00:00,4221.155556,5048.32
2017/03/19 06:00:00.000000 +00:00,17672.53333,20533.47556
2017/03/19 10:00:00.000000 +00:00,496228.1244,510193.2089
2017/03/19 14:00:00.000000 +00:00,443666.2044,476770.9867
2017/03/19 18:00:00.000000 +00:00,391971.2711,463638.1867
2017/03/19 22:00:00.000000 +00:00,149606.4,161159.3956
2017/03/20 02:00:00.000000 +00:00,9664.284444,11205.97333
2017/03/20 06:00:00.000000 +00:00,53287.82222,77290.95111
2017/03/20 10:00:00.000000 +00:00,360070.2578,389154.7022
2017/03/20 14:00:00.000000 +00:00,1397934.649,1483572.907
2017/03/20 18:00:00.000000 +00:00,425271.7511,453930.6667
2017/03/20 22:00:00.000000 +00:00,143220.6222,159516.4444
2017/03/21 02:00:00.000000 +00:00,539.3066667,704.2844444
2017/03/21 06:00:00.000000 +00:00,19105.56444,20140.94222
2017/03/21 10:00:00.000000 +00:00,221471.8578,262956.9422
2017/03/21 14:00:00.000000 +00:00,933567.7156,1366410.24
2017/03/21 18:00:00.000000 +00:00,987972.8356,1053584.498
2017/03/21 22:00:00.000000 +00:00,321373.8667,349879.7511
2017/03/22 02:00:00.000000 +00:00,10269.01333,11487.57333
2017/03/22 06:00:00.000000 +00:00,581.9733333,736.7111111
2017/03/22 10:00:00.000000 +00:00,20732.58667,24662.47111
2017/03/22 14:00:00.000000 +00:00,152235.2356,203672.4622
2017/03/22 18:00:00.000000 +00:00,286043.0222,326846.0089
2017/03/22 22:00:00.000000 +00:00,67487.28889,148122.7378
2017/03/23 02:00:00.000000 +00:00,10801.49333,221957.6889
2017/03/23 06:00:00.000000 +00:00,12772.69333,13745.49333
2017/03/23 10:00:00.000000 +00:00,321749.3333,341466.4533
2017/03/23 14:00:00.000000 +00:00,468983.4667,573392.2133
2017/03/23 18:00:00.000000 +00:00,220900.1244,233568.7111
2017/03/23 22:00:00.000000 +00:00,224155.3067,247226.0267
2017/03/24 02:00:00.000000 +00:00,0,0
2017/03/24 06:00:00.000000 +00:00,6942.151111,7820.515556
2017/03/24 10:00:00.000000 +00:00,86328.88889,104038.4
2017/03/24 14:00:00.000000 +00:00,280521.3867,356304.7822
2017/03/24 18:00:00.000000 +00:00,1031755.662,1332068.693
2017/03/24 22:00:00.000000 +00:00,262909.1556,716613.9733
2017/03/25 02:00:00.000000 +00:00,170171.7333,175701.3333
2017/03/25 06:00:00.000000 +00:00,630.8977778,702.0088889
2017/03/25 10:00:00.000000 +00:00,324334.9333,385554.7733
2017/03/25 14:00:00.000000 +00:00,1339426.133,1653567.716
2017/03/25 18:00:00.000000 +00:00,1623955.911,2084743.964
2017/03/25 22:00:00.000000 +00:00,2781579.947,3324785.778
2017/03/26 02:00:00.000000 +00:00,181667.2711,193955.2711
2017/03/26 06:00:00.000000 +00:00,36628.48,39481.45778
2017/03/26 10:00:00.000000 +00:00,248016.2133,312830.8622
2017/03/26 14:00:00.000000 +00:00,723213.0844,926524.8711
2017/03/26 18:00:00.000000 +00:00,643308.6578,695055.36
2017/03/26 22:00:00.000000 +00:00,228402.0622,281885.0133
2017/03/27 02:00:00.000000 +00:00,2415.502222,3256.888889
2017/03/27 06:00:00.000000 +00:00,2900.764444,3433.813333
2017/03/27 10:00:00.000000 +00:00,326293.0489,381247.7156
2017/03/27 14:00:00.000000 +00:00,557176.0356,655478.8978
2017/03/27 18:00:00.000000 +00:00,324418.56,591976.6756
2017/03/27 22:00:00.000000 +00:00,295090.6311,324322.9867
2017/03/28 02:00:00.000000 +00:00,209186.1333,219036.4444
2017/03/28 06:00:00.000000 +00:00,60041.67111,62673.92
2017/03/28 10:00:00.000000 +00:00,58522.73778,63188.76444
2017/03/28 14:00:00.000000 +00:00,576591.6444,618137.6
2017/03/28 18:00:00.000000 +00:00,266640.4978,304171.8044
2017/03/28 22:00:00.000000 +00:00,22505.81333,26482.91556
2017/03/29 02:00:00.000000 +00:00,30459.44889,33879.04
2017/03/29 06:00:00.000000 +00:00,23713.56444,25068.65778
2017/03/29 10:00:00.000000 +00:00,256215.6089,328853.0489
2017/03/29 14:00:00.000000 +00:00,2193258.951,2541641.387
2017/03/29 18:00:00.000000 +00:00,2812143.502,3280003.982
2017/03/29 22:00:00.000000 +00:00,162783.0044,177675.9467
2017/03/30 02:00:00.000000 +00:00,27248.64,28802.27556
2017/03/30 06:00:00.000000 +00:00,1675.377778,1955.271111
2017/03/30 10:00:00.000000 +00:00,641486.5067,665836.6578
2017/03/30 14:00:00.000000 +00:00,1194068.196,1332480.569
2017/03/30 18:00:00.000000 +00:00,171560.96,232108.9422
2017/03/30 22:00:00.000000 +00:00,183862.6133,209506.4178
2017/03/31 02:00:00.000000 +00:00,144512,150404.5511
2017/03/31 06:00:00.000000 +00:00,123187.7689,131289.3156
2017/03/31 10:00:00.000000 +00:00,109591.3244,116534.6133
2017/03/31 14:00:00.000000 +00:00,633067.52,763212.2311
2017/03/31 18:00:00.000000 +00:00,1089797.689,1236152.32
2017/03/31 22:00:00.000000 +00:00,342902.3289,370665.8133
2017/04/01 02:00:00.000000 +00:00,212327.5378,233055.0044
2017/04/01 06:00:00.000000 +00:00,161127.5378,254167.6089
2017/04/01 10:00:00.000000 +00:00,446890.6667,546808.0356
2017/04/01 14:00:00.000000 +00:00,2908117.333,3447648.142
2017/04/01 18:00:00.000000 +00:00,946856.96,1692158.293
2017/04/01 22:00:00.000000 +00:00,212987.4489,272349.8667
2017/04/02 02:00:00.000000 +00:00,100194.4178,125408.7111
2017/04/02 06:00:00.000000 +00:00,172096.8533,176949.4756
2017/04/02 10:00:00.000000 +00:00,120664.7467,136041.2444
2017/04/02 14:00:00.000000 +00:00,1396511.858,1899332.836
2017/04/02 18:00:00.000000 +00:00,2012053.049,2116711.538
2017/04/02 22:00:00.000000 +00:00,311471.7867,411899.4489
2017/04/03 02:00:00.000000 +00:00,30332.58667,34837.61778
2017/04/03 06:00:00.000000 +00:00,38819.27111,46944.71111
2017/04/03 10:00:00.000000 +00:00,69606.4,74825.38667
2017/04/03 14:00:00.000000 +00:00,841734.8267,918780.5867
2017/04/03 18:00:00.000000 +00:00,293993.8133,318945.8489
2017/04/03 22:00:00.000000 +00:00,52107.94667,55625.95556
2017/04/04 02:00:00.000000 +00:00,16168.39111,18110.00889
2017/04/04 06:00:00.000000 +00:00,5336.746667,5831.111111
2017/04/04 10:00:00.000000 +00:00,171946.6667,244251.8756
2017/04/04 14:00:00.000000 +00:00,763820.3733,987232.7111
2017/04/04 18:00:00.000000 +00:00,1615910.116,2264397.938
2017/04/04 22:00:00.000000 +00:00,205990.1156,221205.6178
2017/04/05 02:00:00.000000 +00:00,126655.1467,135839.8578
2017/04/05 06:00:00.000000 +00:00,165595.5911,174664.8178
2017/04/05 10:00:00.000000 +00:00,1169512.676,1229151.004
2017/04/05 14:00:00.000000 +00:00,1189074.489,1387449.458
2017/04/05 18:00:00.000000 +00:00,1953396.622,2449375.573
2017/04/05 22:00:00.000000 +00:00,514738.6311,944934.1156
2017/04/06 02:00:00.000000 +00:00,112319.7156,119063.3244
2017/04/06 06:00:00.000000 +00:00,236142.3644,255102.2933
2017/04/06 10:00:00.000000 +00:00,133811.2,147316.6222
2017/04/06 14:00:00.000000 +00:00,598868.1956,751053.9378
2017/04/06 18:00:00.000000 +00:00,641826.7022,714547.2
2017/04/06 22:00:00.000000 +00:00,203052.9422,237711.9289
2017/04/07 02:00:00.000000 +00:00,41996.51556,52534.61333
2017/04/07 06:00:00.000000 +00:00,8230.115556,9653.475556
2017/04/07 10:00:00.000000 +00:00,171497.8133,181567.7156
2017/04/07 14:00:00.000000 +00:00,593151.4311,631315.3422
2017/04/07 18:00:00.000000 +00:00,790448.9244,834031.5022
2017/04/07 22:00:00.000000 +00:00,186869.76,205729.5644
2017/04/08 02:00:00.000000 +00:00,3628.942222,4922.595556
2017/04/08 06:00:00.000000 +00:00,1457.493333,1999.075556
2017/04/08 10:00:00.000000 +00:00,283052.9422,298403.84
2017/04/08 14:00:00.000000 +00:00,738325.6178,878076.5867
2017/04/08 18:00:00.000000 +00:00,1694337.138,2631342.08
2017/04/08 22:00:00.000000 +00:00,633789.44,770464.9956
2017/04/09 02:00:00.000000 +00:00,61519.07556,126379.8044
2017/04/09 06:00:00.000000 +00:00,7794.915556,10909.01333
2017/04/09 10:00:00.000000 +00:00,130460.4444,143151.2178
2017/04/09 14:00:00.000000 +00:00,1822237.582,2084026.596
2017/04/09 18:00:00.000000 +00:00,2150788.551,2667251.484
2017/04/09 22:00:00.000000 +00:00,380831.2889,474741.76
2017/04/10 02:00:00.000000 +00:00,3547.591111,3937.28
2017/04/10 06:00:00.000000 +00:00,211325.7244,216509.44
2017/04/10 10:00:00.000000 +00:00,943939.6978,1100829.582
2017/04/10 14:00:00.000000 +00:00,1033581.227,1461863.538
2017/04/10 18:00:00.000000 +00:00,1854058.382,2259942.4
2017/04/10 22:00:00.000000 +00:00,2924036.551,3193436.16
2017/04/11 02:00:00.000000 +00:00,7957.617778,8787.626667
2017/04/11 06:00:00.000000 +00:00,33829.54667,36800.85333
2017/04/11 10:00:00.000000 +00:00,834822.2578,877141.9022
2017/04/11 14:00:00.000000 +00:00,1152073.387,1324957.582
2017/04/11 18:00:00.000000 +00:00,1409679.36,1742378.667
2017/04/11 22:00:00.000000 +00:00,486328.8889,649057.8489
2017/04/12 02:00:00.000000 +00:00,59665.63556,66206.15111
2017/04/12 06:00:00.000000 +00:00,104599.3244,110713.1733
2017/04/12 10:00:00.000000 +00:00,521213.1556,677009.6356
2017/04/12 14:00:00.000000 +00:00,2178901.902,2518089.387
2017/04/12 18:00:00.000000 +00:00,1145603.413,1439296.853
2017/04/12 22:00:00.000000 +00:00,811525.6889,933307.1644
2017/04/13 02:00:00.000000 +00:00,254214.2578,266802.0622
2017/04/13 06:00:00.000000 +00:00,27455.14667,29903.64444
2017/04/13 10:00:00.000000 +00:00,699497.2444,777845.76
2017/04/13 14:00:00.000000 +00:00,2272044.942,2687951.076
2017/04/13 18:00:00.000000 +00:00,4212024.889,4592314.596
2017/04/13 22:00:00.000000 +00:00,1393710.08,1500216.889
2017/04/14 02:00:00.000000 +00:00,258350.6489,314882.2756
2017/04/14 06:00:00.000000 +00:00,1387.52,1753.315556
2017/04/14 10:00:00.000000 +00:00,691401.3867,780877.3689
2017/04/14 14:00:00.000000 +00:00,1985873.351,2600693.76
2017/04/14 18:00:00.000000 +00:00,2485634.276,3198872.462
2017/04/14 22:00:00.000000 +00:00,784167.8222,962707.9111
2017/04/15 02:00:00.000000 +00:00,29490.06222,37956.26667
2017/04/15 06:00:00.000000 +00:00,89018.02667,95432.81778
2017/04/15 10:00:00.000000 +00:00,736883.4844,805124.5511
2017/04/15 14:00:00.000000 +00:00,1556646.684,1918535.111
2017/04/15 18:00:00.000000 +00:00,1862492.729,2328313.742
2017/04/15 22:00:00.000000 +00:00,623481.1733,1291954.062
2017/04/16 02:00:00.000000 +00:00,73802.52444,85818.59556
2017/04/16 06:00:00.000000 +00:00,35887.78667,40123.16444
2017/04/16 10:00:00.000000 +00:00,242720.4267,267834.0267
2017/04/16 14:00:00.000000 +00:00,1128503.182,1465819.022
2017/04/16 18:00:00.000000 +00:00,847133.5822,1480192
2017/04/16 22:00:00.000000 +00:00,578398.4356,930206.1511
2017/04/17 02:00:00.000000 +00:00,278147.9822,291278.5067
2017/04/17 06:00:00.000000 +00:00,41136.35556,47608.03556
2017/04/17 10:00:00.000000 +00:00,1737780.907,1976420.124
2017/04/17 14:00:00.000000 +00:00,1166660.267,1549801.813
2017/04/17 18:00:00.000000 +00:00,1286516.622,1538232.889
2017/04/17 22:00:00.000000 +00:00,1838887.822,1940583.538
2017/04/18 02:00:00.000000 +00:00,256311.7511,264185.1733
2017/04/18 06:00:00.000000 +00:00,721892.1244,749690.3111
2017/04/18 10:00:00.000000 +00:00,228912.9244,255567.0756
2017/04/18 14:00:00.000000 +00:00,1769990.258,2071269.831
2017/04/18 18:00:00.000000 +00:00,1345599.147,1608232.391
2017/04/18 22:00:00.000000 +00:00,519315.9111,541600.4267
2017/04/19 02:00:00.000000 +00:00,588464.9244,608174.6489
2017/04/19 06:00:00.000000 +00:00,200655.0756,207845.8311
2017/04/19 10:00:00.000000 +00:00,64000.56889,71409.77778
2017/04/19 14:00:00.000000 +00:00,931785.3867,1118494.72
2017/04/19 18:00:00.000000 +00:00,941971.3422,1016773.404
2017/04/19 22:00:00.000000 +00:00,533374.8622,771206.8267
2017/04/20 02:00:00.000000 +00:00,127791.7867,200805.8311
2017/04/20 06:00:00.000000 +00:00,21554.63111,25939.62667
2017/04/20 10:00:00.000000 +00:00,306595.2711,390011.4489
2017/04/20 14:00:00.000000 +00:00,1177905.493,1371642.311
2017/04/20 18:00:00.000000 +00:00,1029393.636,1236684.231
2017/04/20 22:00:00.000000 +00:00,412340.3378,619345.92
2017/04/21 02:00:00.000000 +00:00,485821.44,508853.4756
2017/04/21 06:00:00.000000 +00:00,39870.57778,42575.07556
2017/04/21 10:00:00.000000 +00:00,125853.0133,173546.3822
2017/04/21 14:00:00.000000 +00:00,1484034.844,1723384.036
2017/04/21 18:00:00.000000 +00:00,2003165.298,2324479.431
2017/04/21 22:00:00.000000 +00:00,538778.7378,599855.2178
2017/04/22 02:00:00.000000 +00:00,182541.6533,194457.6
2017/04/22 06:00:00.000000 +00:00,5248,5724.16
2017/04/22 10:00:00.000000 +00:00,853457.3511,900459.52
2017/04/22 14:00:00.000000 +00:00,499611.3067,709240.0356
2017/04/22 18:00:00.000000 +00:00,414646.6133,494730.24
2017/04/22 22:00:00.000000 +00:00,1031115.093,1333065.956
2017/04/23 02:00:00.000000 +00:00,315020.5156,471735.7511
2017/04/23 06:00:00.000000 +00:00,172413.1556,182274.2756
2017/04/23 10:00:00.000000 +00:00,382268.3022,656745.2444
2017/04/23 14:00:00.000000 +00:00,993569.5644,1421152.711
2017/04/23 18:00:00.000000 +00:00,234321.3511,347011.4133
2017/04/23 22:00:00.000000 +00:00,445872.9244,480807.2533
2017/04/24 02:00:00.000000 +00:00,0,0.568888889
2017/04/24 06:00:00.000000 +00:00,31889.06667,32882.91556
2017/04/24 10:00:00.000000 +00:00,169344.5689,195633.4933
2017/04/24 14:00:00.000000 +00:00,155451.7333,179016.2489
2017/04/24 18:00:00.000000 +00:00,196935.68,206576.0711
2017/04/24 22:00:00.000000 +00:00,145774.3644,155383.4667
2017/04/25 02:00:00.000000 +00:00,87654.96889,92442.73778
2017/04/25 06:00:00.000000 +00:00,9184.142222,9794.56
2017/04/25 10:00:00.000000 +00:00,87150.36444,92490.52444
2017/04/25 14:00:00.000000 +00:00,752458.5244,821838.5067
2017/04/25 18:00:00.000000 +00:00,1174955.236,1260664.036
2017/04/25 22:00:00.000000 +00:00,183281.2089,234704.7822
2017/04/26 02:00:00.000000 +00:00,79088.64,82461.01333
2017/04/26 06:00:00.000000 +00:00,3332.551111,4134.115556
2017/04/26 10:00:00.000000 +00:00,897879.04,955939.2711
2017/04/26 14:00:00.000000 +00:00,2192612.693,2488379.733
2017/04/26 18:00:00.000000 +00:00,1324565.049,1623556.551
2017/04/26 22:00:00.000000 +00:00,1304853.049,1670212.836
2017/04/27 02:00:00.000000 +00:00,81301.61778,84370.77333
2017/04/27 06:00:00.000000 +00:00,15445.90222,16587.09333
2017/04/27 10:00:00.000000 +00:00,162479.7867,263095.1822
2017/04/27 14:00:00.000000 +00:00,1094948.409,1219082.24
2017/04/27 18:00:00.000000 +00:00,830840.0356,987670.7556
2017/04/27 22:00:00.000000 +00:00,680813.7956,827827.2
2017/04/28 02:00:00.000000 +00:00,125985.5644,190277.9733
2017/04/28 06:00:00.000000 +00:00,680223.2889,838171.3067
2017/04/28 10:00:00.000000 +00:00,521392.9244,644503.8933
2017/04/28 14:00:00.000000 +00:00,1104233.244,1368908.8
2017/04/28 18:00:00.000000 +00:00,1730408.676,2399233.138
2017/04/28 22:00:00.000000 +00:00,904442.88,1352837.12
2017/04/29 02:00:00.000000 +00:00,63826.48889,68555.09333
2017/04/29 06:00:00.000000 +00:00,9979.448889,11299.27111
2017/04/29 10:00:00.000000 +00:00,248011.0933,270771.7689
2017/04/29 14:00:00.000000 +00:00,1320983.893,2008567.467
2017/04/29 18:00:00.000000 +00:00,1109888,1777405.724
2017/04/29 22:00:00.000000 +00:00,767419.7333,866868.9067
2017/04/30 02:00:00.000000 +00:00,47751.39556,50334.15111
2017/04/30 06:00:00.000000 +00:00,244791.1822,255168.8533
2017/04/30 10:00:00.000000 +00:00,690121.9556,1323785.102
2017/04/30 14:00:00.000000 +00:00,969821.2978,1379592.533
2017/04/30 18:00:00.000000 +00:00,1308854.613,2139570.631
2017/04/30 22:00:00.000000 +00:00,621132.2311,745970.9156
2017/05/01 02:00:00.000000 +00:00,131492.9778,136531.6267
2017/05/01 06:00:00.000000 +00:00,17878.47111,20443.59111
2017/05/01 10:00:00.000000 +00:00,302985.6711,386670.3644
2017/05/01 14:00:00.000000 +00:00,904921.3156,1302501.831
2017/05/01 18:00:00.000000 +00:00,155839.7156,183331.84
2017/05/01 22:00:00.000000 +00:00,1752238.649,1794897.351
2017/05/02 02:00:00.000000 +00:00,6612.764444,7555.982222
2017/05/02 06:00:00.000000 +00:00,180588.6578,187748.6933
2017/05/02 10:00:00.000000 +00:00,1306046.009,1584486.4
2017/05/02 14:00:00.000000 +00:00,847427.1289,1297008.64
2017/05/02 18:00:00.000000 +00:00,1681619.058,1878483.058
2017/05/02 22:00:00.000000 +00:00,493791.0044,543588.1244
2017/05/03 02:00:00.000000 +00:00,225771.52,234709.9022
2017/05/03 06:00:00.000000 +00:00,4096.568889,4573.866667
2017/05/03 10:00:00.000000 +00:00,278242.9867,419990.1867
2017/05/03 14:00:00.000000 +00:00,1318012.018,2069174.044
2017/05/03 18:00:00.000000 +00:00,1855278.08,2058882.276
2017/05/03 22:00:00.000000 +00:00,155942.1156,167392.1422
2017/05/04 02:00:00.000000 +00:00,962.56,1228.231111
2017/05/04 06:00:00.000000 +00:00,49651.48444,53020.44444
2017/05/04 10:00:00.000000 +00:00,334842.88,420626.2044
2017/05/04 14:00:00.000000 +00:00,2193915.449,2375413.76
2017/05/04 18:00:00.000000 +00:00,958809.8844,1106655.573
2017/05/04 22:00:00.000000 +00:00,18517.90222,19515.73333
2017/05/05 02:00:00.000000 +00:00,104884.3378,108875.6622
2017/05/05 06:00:00.000000 +00:00,10443.66222,11681.56444
2017/05/05 10:00:00.000000 +00:00,231705.6,262626.4178
2017/05/05 14:00:00.000000 +00:00,678000.0711,751107.9822
2017/05/05 18:00:00.000000 +00:00,1137489.351,1499164.444
2017/05/05 22:00:00.000000 +00:00,332234.5244,643893.4756
2017/05/06 02:00:00.000000 +00:00,159818.5244,252307.3422
2017/05/06 06:00:00.000000 +00:00,325.4044444,426.0977778
2017/05/06 10:00:00.000000 +00:00,108236.2311,118673.0667
2017/05/06 14:00:00.000000 +00:00,590643.7689,645396.48
2017/05/06 18:00:00.000000 +00:00,2094674.489,2253669.262
2017/05/06 22:00:00.000000 +00:00,536387.1289,607073.28
2017/05/07 02:00:00.000000 +00:00,328358.6844,339928.1778
2017/05/07 06:00:00.000000 +00:00,176362.3822,183462.1156
2017/05/07 10:00:00.000000 +00:00,294695.8222,396306.7733
2017/05/07 14:00:00.000000 +00:00,1277310.862,1451651.982
2017/05/07 18:00:00.000000 +00:00,1551751.396,1764518.116
2017/05/07 22:00:00.000000 +00:00,500044.8,549790.72
2017/05/08 02:00:00.000000 +00:00,337.3511111,488.1066667
2017/05/08 06:00:00.000000 +00:00,201436.7289,207325.8667
2017/05/08 10:00:00.000000 +00:00,164404.9067,174016.8533
2017/05/08 14:00:00.000000 +00:00,602193.92,810810.5956
2017/05/08 18:00:00.000000 +00:00,593614.5067,629249.7067
2017/05/08 22:00:00.000000 +00:00,42990.93333,45666.98667
2017/05/09 02:00:00.000000 +00:00,2027.52,2562.844444
2017/05/09 06:00:00.000000 +00:00,13403.02222,14096.49778
2017/05/09 10:00:00.000000 +00:00,156475.1644,191779.84
2017/05/09 14:00:00.000000 +00:00,536564.6222,648641.9911
2017/05/09 18:00:00.000000 +00:00,1120527.929,1236462.933
2017/05/09 22:00:00.000000 +00:00,219548.4444,250184.8178
2017/05/10 02:00:00.000000 +00:00,4637.582222,5163.235556
2017/05/10 06:00:00.000000 +00:00,6489.884444,7018.951111
2017/05/10 10:00:00.000000 +00:00,368720.7822,410657.5644
2017/05/10 14:00:00.000000 +00:00,1126646.898,1294517.476
2017/05/10 18:00:00.000000 +00:00,1203667.058,1483113.813
2017/05/10 22:00:00.000000 +00:00,508937.6711,838625.8489
2017/05/11 02:00:00.000000 +00:00,44594.06222,46015.14667
2017/05/11 06:00:00.000000 +00:00,21597.29778,23147.52
2017/05/11 10:00:00.000000 +00:00,150547.9111,315880.6756
2017/05/11 14:00:00.000000 +00:00,694308.9778,779595.0933
2017/05/11 18:00:00.000000 +00:00,418685.7244,490934.6133
2017/05/11 22:00:00.000000 +00:00,96939.23556,115115.8044
2017/05/12 02:00:00.000000 +00:00,57380.97778,92064.99556
2017/05/12 06:00:00.000000 +00:00,56001.42222,59295.28889
2017/05/12 10:00:00.000000 +00:00,45806.93333,50397.86667
2017/05/12 14:00:00.000000 +00:00,659591.9644,707694.9333
2017/05/12 18:00:00.000000 +00:00,563181.2267,629242.3111
2017/05/12 22:00:00.000000 +00:00,71648.14222,82058.24
2017/05/13 02:00:00.000000 +00:00,9647.217778,10494.86222
2017/05/13 06:00:00.000000 +00:00,17376.14222,19066.31111
2017/05/13 10:00:00.000000 +00:00,56213.04889,62648.32
2017/05/13 14:00:00.000000 +00:00,783169.4222,1035909.12
2017/05/13 18:00:00.000000 +00:00,1314648.178,1801713.209
2017/05/13 22:00:00.000000 +00:00,810496,1027952.64
2017/05/14 02:00:00.000000 +00:00,44860.30222,50449.63556
2017/05/14 06:00:00.000000 +00:00,539811.84,540840.3911
2017/05/14 10:00:00.000000 +00:00,98461.01333,141392.2133
2017/05/14 14:00:00.000000 +00:00,1655816.533,2201853.156
2017/05/14 18:00:00.000000 +00:00,926408.2489,1149098.098
2017/05/14 22:00:00.000000 +00:00,1052888.178,1202699.947
2017/05/15 02:00:00.000000 +00:00,11.37777778,15.36
2017/05/15 06:00:00.000000 +00:00,113222.5422,118124.0889
2017/05/15 10:00:00.000000 +00:00,167034.3111,190142.5778
2017/05/15 14:00:00.000000 +00:00,1940596.053,2247839.289
2017/05/15 18:00:00.000000 +00:00,1239041.707,1469070.791
2017/05/15 22:00:00.000000 +00:00,611054.3644,665341.7244
2017/05/16 02:00:00.000000 +00:00,14507.80444,16975.64444
2017/05/16 06:00:00.000000 +00:00,54831.21778,59008
2017/05/16 10:00:00.000000 +00:00,650040.32,768052.3378
2017/05/16 14:00:00.000000 +00:00,1598655.147,1878683.307
2017/05/16 18:00:00.000000 +00:00,1137937.636,1709392.213
2017/05/16 22:00:00.000000 +00:00,298329.3156,339552.7111
2017/05/17 02:00:00.000000 +00:00,320466.4889,329613.0844
2017/05/17 06:00:00.000000 +00:00,25783.18222,26515.91111
2017/05/17 10:00:00.000000 +00:00,281733.12,310415.36
2017/05/17 14:00:00.000000 +00:00,2218238.293,2311632.782
2017/05/17 18:00:00.000000 +00:00,1100358.542,1183256.462
2017/05/17 22:00:00.000000 +00:00,421973.3333,596231.3956
2017/05/18 02:00:00.000000 +00:00,559474.3467,1051723.093
2017/05/18 06:00:00.000000 +00:00,2573.653333,3107.84
2017/05/18 10:00:00.000000 +00:00,688767.4311,865815.3244
2017/05/18 14:00:00.000000 +00:00,2151046.258,2585255.253
2017/05/18 18:00:00.000000 +00:00,1824114.347,2136569.742
2017/05/18 22:00:00.000000 +00:00,362895.9289,396210.6311
2017/05/19 02:00:00.000000 +00:00,8099.84,8657.351111
2017/05/19 06:00:00.000000 +00:00,50355.76889,52720.64
2017/05/19 10:00:00.000000 +00:00,243020.2311,341811.2
2017/05/19 14:00:00.000000 +00:00,1775083.52,1891840.569
2017/05/19 18:00:00.000000 +00:00,1188776.391,1404618.524
2017/05/19 22:00:00.000000 +00:00,1440475.022,2026594.987
2017/05/20 02:00:00.000000 +00:00,10062.50667,10618.88
2017/05/20 06:00:00.000000 +00:00,42548.33778,44503.60889
2017/05/20 10:00:00.000000 +00:00,298725.8311,405797.5467
2017/05/20 14:00:00.000000 +00:00,1115935.289,1659806.151
2017/05/20 18:00:00.000000 +00:00,532482.8444,1533244.302
2017/05/20 22:00:00.000000 +00:00,236417.7067,283656.5333
2017/05/21 02:00:00.000000 +00:00,49530.88,53515.37778
2017/05/21 06:00:00.000000 +00:00,48983.60889,51502.08
2017/05/21 10:00:00.000000 +00:00,175301.9733,396188.4444
2017/05/21 14:00:00.000000 +00:00,2734322.916,2966385.209
2017/05/21 18:00:00.000000 +00:00,704576.2844,907289.6
2017/05/21 22:00:00.000000 +00:00,404184.7467,423971.2711
2017/05/22 02:00:00.000000 +00:00,62234.16889,65000.67556
2017/05/22 06:00:00.000000 +00:00,351315.6267,358923.9467
2017/05/22 10:00:00.000000 +00:00,459048.3911,496335.0756
2017/05/22 14:00:00.000000 +00:00,1915900.587,2102976.853
2017/05/22 18:00:00.000000 +00:00,417689.6,555232.1422
2017/05/22 22:00:00.000000 +00:00,393907.7689,604838.1156
2017/05/23 02:00:00.000000 +00:00,286941.8667,639102.2933
2017/05/23 06:00:00.000000 +00:00,619273.1022,640184.32
2017/05/23 10:00:00.000000 +00:00,240332.2311,275041.28
2017/05/23 14:00:00.000000 +00:00,596417.4222,677497.1733
2017/05/23 18:00:00.000000 +00:00,637147.5911,688501.1911
2017/05/23 22:00:00.000000 +00:00,279217.4933,289997.9378
2017/05/24 02:00:00.000000 +00:00,53282.13333,55840.42667
2017/05/24 06:00:00.000000 +00:00,133275.3067,138873.1733
2017/05/24 10:00:00.000000 +00:00,321198.08,341916.4444
2017/05/24 14:00:00.000000 +00:00,1469793.849,1590375.538
2017/05/24 18:00:00.000000 +00:00,412539.4489,643674.4533
2017/05/24 22:00:00.000000 +00:00,123101.8667,133116.5867
2017/05/25 02:00:00.000000 +00:00,12164.55111,14297.31556
2017/05/25 06:00:00.000000 +00:00,395.9466667,580.2666667
2017/05/25 10:00:00.000000 +00:00,378283.8044,441004.9422
2017/05/25 14:00:00.000000 +00:00,838959.7867,1034709.333
2017/05/25 18:00:00.000000 +00:00,910253.5111,987779.4133
2017/05/25 22:00:00.000000 +00:00,414457.1733,487224.32
2017/05/26 02:00:00.000000 +00:00,176696.32,181656.4622
2017/05/26 06:00:00.000000 +00:00,224372.0533,230382.3644
2017/05/26 10:00:00.000000 +00:00,322827.3778,355380.3378
2017/05/26 14:00:00.000000 +00:00,1994165.476,2231842.133
2017/05/26 18:00:00.000000 +00:00,1921578.667,2423986.062
2017/05/26 22:00:00.000000 +00:00,911606.3289,1290424.889
2017/05/27 02:00:00.000000 +00:00,31020.94222,33071.78667
2017/05/27 06:00:00.000000 +00:00,551463.8222,564225.7067
2017/05/27 10:00:00.000000 +00:00,190851.4133,335271.2533
2017/05/27 14:00:00.000000 +00:00,528861.8667,611189.76
2017/05/27 18:00:00.000000 +00:00,638875.3067,821139.3422
2017/05/27 22:00:00.000000 +00:00,645712.2133,1230797.369
2017/05/28 02:00:00.000000 +00:00,104623.2178,112065.9911
2017/05/28 06:00:00.000000 +00:00,34313.67111,41571.55556
2017/05/28 10:00:00.000000 +00:00,460120.7467,534051.84
2017/05/28 14:00:00.000000 +00:00,354466.7022,555717.9733
2017/05/28 18:00:00.000000 +00:00,612170.5244,698057.3867
2017/05/28 22:00:00.000000 +00:00,109204.48,120530.4889
2017/05/29 02:00:00.000000 +00:00,2628.835556,3224.462222
2017/05/29 06:00:00.000000 +00:00,664271.0756,683179.2356
2017/05/29 10:00:00.000000 +00:00,248416.7111,462681.8844
2017/05/29 14:00:00.000000 +00:00,1409978.027,1663453.867
2017/05/29 18:00:00.000000 +00:00,810018.1333,992540.4444
2017/05/29 22:00:00.000000 +00:00,156234.5244,203715.1289
2017/05/30 02:00:00.000000 +00:00,27704.32,29788.72889
2017/05/30 06:00:00.000000 +00:00,227471.36,234380.5156
2017/05/30 10:00:00.000000 +00:00,514960.4978,570981.8311
2017/05/30 14:00:00.000000 +00:00,921779.2,1009514.382
2017/05/30 18:00:00.000000 +00:00,904750.08,1124222.293
2017/05/30 22:00:00.000000 +00:00,301132.8,321912.6044
2017/05/31 02:00:00.000000 +00:00,7748.266667,8254.008889
2017/05/31 06:00:00.000000 +00:00,661.6177778,884.0533333
2017/05/31 10:00:00.000000 +00:00,455173.6889,505951.5733
2017/05/31 14:00:00.000000 +00:00,1112440.036,1251037.298
2017/05/31 18:00:00.000000 +00:00,797401.8844,911213.7956
2017/05/31 22:00:00.000000 +00:00,577793.7067,632967.3956
2017/06/01 02:00:00.000000 +00:00,182382.9333,205949.1556
2017/06/01 06:00:00.000000 +00:00,5900.515556,7135.004444
2017/06/01 10:00:00.000000 +00:00,449107.0578,557378.56
2017/06/01 14:00:00.000000 +00:00,1527742.009,2611769.458
2017/06/01 18:00:00.000000 +00:00,1770641.636,2058695.68
2017/06/01 22:00:00.000000 +00:00,1717242.311,1950811.591
2017/06/02 02:00:00.000000 +00:00,97563.30667,102274.2756
2017/06/02 06:00:00.000000 +00:00,4463.502222,4904.96
2017/06/02 10:00:00.000000 +00:00,1134372.978,1272875.236
2017/06/02 14:00:00.000000 +00:00,1238834.631,1500109.938
2017/06/02 18:00:00.000000 +00:00,2102553.031,2817514.382
2017/06/02 22:00:00.000000 +00:00,728927.0044,1278336
2017/06/03 02:00:00.000000 +00:00,106028.3733,112580.2667
2017/06/03 06:00:00.000000 +00:00,7995.733333,8875.235556
2017/06/03 10:00:00.000000 +00:00,615863.1822,770299.4489
2017/06/03 14:00:00.000000 +00:00,922663.2533,1183981.796
2017/06/03 18:00:00.000000 +00:00,942107.3067,1181950.862
2017/06/03 22:00:00.000000 +00:00,750288.7822,1003931.307
2017/06/04 02:00:00.000000 +00:00,38669.65333,45731.84
2017/06/04 06:00:00.000000 +00:00,136849.6356,140953.6
2017/06/04 10:00:00.000000 +00:00,98447.92889,108712.3911
2017/06/04 14:00:00.000000 +00:00,835511.7511,1504273.636
2017/06/04 18:00:00.000000 +00:00,1666129.92,2337647.502
2017/06/04 22:00:00.000000 +00:00,1714155.52,1801657.458
2017/06/05 02:00:00.000000 +00:00,9514.097778,10258.20444
2017/06/05 06:00:00.000000 +00:00,944.9244444,1244.728889
2017/06/05 10:00:00.000000 +00:00,358782.8622,385921.7067
2017/06/05 14:00:00.000000 +00:00,737411.9822,791805.7244
2017/06/05 18:00:00.000000 +00:00,1129641.529,1433205.191
2017/06/05 22:00:00.000000 +00:00,531580.5867,558097.6356
2017/06/06 02:00:00.000000 +00:00,4076.657778,4651.235556
2017/06/06 06:00:00.000000 +00:00,50257.35111,53399.32444
2017/06/06 10:00:00.000000 +00:00,263850.0978,315529.1022
2017/06/06 14:00:00.000000 +00:00,1430741.902,1717205.333
2017/06/06 18:00:00.000000 +00:00,664367.7867,1082398.72
2017/06/06 22:00:00.000000 +00:00,406560.4267,657144.6044
2017/06/07 02:00:00.000000 +00:00,15711.57333,16580.26667
2017/06/07 06:00:00.000000 +00:00,23018.95111,25080.03556
2017/06/07 10:00:00.000000 +00:00,220879.6444,264056.6044
2017/06/07 14:00:00.000000 +00:00,1979746.418,2444898.418
2017/06/07 18:00:00.000000 +00:00,1642082.418,2111297.991
2017/06/07 22:00:00.000000 +00:00,94510.08,101968.7822
2017/06/08 02:00:00.000000 +00:00,149765.12,154861.7956
2017/06/08 06:00:00.000000 +00:00,5610.382222,7744.853333
2017/06/08 10:00:00.000000 +00:00,634043.7333,701164.0889
2017/06/08 14:00:00.000000 +00:00,589416.1067,674582.7556
2017/06/08 18:00:00.000000 +00:00,617701.2622,796781.7956
2017/06/08 22:00:00.000000 +00:00,568045.2267,660955.5911
2017/06/09 02:00:00.000000 +00:00,26306.56,38223.64444
2017/06/09 06:00:00.000000 +00:00,229927.8222,235943.2533
2017/06/09 10:00:00.000000 +00:00,337766.9689,404629.6178
2017/06/09 14:00:00.000000 +00:00,1345308.444,1580623.644
2017/06/09 18:00:00.000000 +00:00,324796.8711,858125.0844
2017/06/09 22:00:00.000000 +00:00,689226.5244,898850.7022
2017/06/10 02:00:00.000000 +00:00,113240.1778,126623.8578
2017/06/10 06:00:00.000000 +00:00,3081.671111,3775.715556
2017/06/10 10:00:00.000000 +00:00,141467.3067,168977.0667
2017/06/10 14:00:00.000000 +00:00,449124.6933,481569.5644
2017/06/10 18:00:00.000000 +00:00,409515.2356,550204.3022
2017/06/10 22:00:00.000000 +00:00,705322.0978,837645.0844
2017/06/11 02:00:00.000000 +00:00,12333.51111,13201.63556
2017/06/11 06:00:00.000000 +00:00,165290.6667,184928.1422
2017/06/11 10:00:00.000000 +00:00,10808.88889,12472.32
2017/06/11 14:00:00.000000 +00:00,6409.671111,8283.591111
2017/06/11 18:00:00.000000 +00:00,162830.7911,815365.12
2017/06/11 22:00:00.000000 +00:00,520143.0756,960852.1956
2017/06/12 02:00:00.000000 +00:00,10600.67556,12585.52889
2017/06/12 06:00:00.000000 +00:00,0,0.568888889
2017/06/12 10:00:00.000000 +00:00,294643.4844,309932.9422
2017/06/12 14:00:00.000000 +00:00,375530.9511,410060.2311
2017/06/12 18:00:00.000000 +00:00,29915.59111,32990.43556
2017/06/12 22:00:00.000000 +00:00,509389.9378,533415.2533
2017/06/13 02:00:00.000000 +00:00,11796.48,13730.13333
2017/06/13 06:00:00.000000 +00:00,6621.866667,6970.595556
2017/06/13 10:00:00.000000 +00:00,676606.8622,789180.3022
2017/06/13 14:00:00.000000 +00:00,1125616.071,1178402.702
2017/06/13 18:00:00.000000 +00:00,971766.8978,1023710.436
2017/06/13 22:00:00.000000 +00:00,431949.9378,526214.8267
2017/06/14 02:00:00.000000 +00:00,3387.164444,4022.613333
2017/06/14 06:00:00.000000 +00:00,3741.013333,4512.995556
2017/06/14 10:00:00.000000 +00:00,317787.0222,356783.2178
2017/06/14 14:00:00.000000 +00:00,573867.2356,655748.5511
2017/06/14 18:00:00.000000 +00:00,752352.7111,1071340.658
2017/06/14 22:00:00.000000 +00:00,606951.5378,1338284.373
2017/06/15 02:00:00.000000 +00:00,132910.6489,138456.1778
2017/06/15 06:00:00.000000 +00:00,7558.257778,8144.213333
2017/06/15 10:00:00.000000 +00:00,375414.8978,454233.8844
2017/06/15 14:00:00.000000 +00:00,1238753.28,1743384.462
2017/06/15 18:00:00.000000 +00:00,424527.6444,474433.9911
2017/06/15 22:00:00.000000 +00:00,320845.9378,351887.36
2017/06/16 02:00:00.000000 +00:00,9722.311111,11142.82667
2017/06/16 06:00:00.000000 +00:00,19259.16444,20615.96444
2017/06/16 10:00:00.000000 +00:00,570206.4356,736927.8578
2017/06/16 14:00:00.000000 +00:00,1066722.418,1176380.302
2017/06/16 18:00:00.000000 +00:00,479529.5289,576932.9778
2017/06/16 22:00:00.000000 +00:00,338294.3289,382613.0489
2017/06/17 02:00:00.000000 +00:00,261806.6489,368749.2267
2017/06/17 06:00:00.000000 +00:00,21697.42222,29931.52
2017/06/17 10:00:00.000000 +00:00,211828.6222,250131.9111
2017/06/17 14:00:00.000000 +00:00,1098336.142,1422372.409
2017/06/17 18:00:00.000000 +00:00,1615033.458,1729373.867
2017/06/17 22:00:00.000000 +00:00,2497767.538,2701826.276
2017/06/18 02:00:00.000000 +00:00,276860.5867,290409.2444
2017/06/18 06:00:00.000000 +00:00,55480.32,57256.96
2017/06/18 10:00:00.000000 +00:00,467002.0267,489457.7778
2017/06/18 14:00:00.000000 +00:00,1152280.462,1360960.284
2017/06/18 18:00:00.000000 +00:00,304456.2489,342134.8978
2017/06/18 22:00:00.000000 +00:00,403840.5689,418801.7778
2017/06/19 02:00:00.000000 +00:00,3663.075556,4141.511111
2017/06/19 06:00:00.000000 +00:00,4.551111111,11.94666667
2017/06/19 10:00:00.000000 +00:00,603431.2533,695529.2444
2017/06/19 14:00:00.000000 +00:00,1130539.236,1256650.524
2017/06/19 18:00:00.000000 +00:00,1028140.373,1188082.916
2017/06/19 22:00:00.000000 +00:00,499093.6178,554049.9911
2017/06/20 02:00:00.000000 +00:00,15.36,27.87555556
2017/06/20 06:00:00.000000 +00:00,337.3511111,522.24
2017/06/20 10:00:00.000000 +00:00,487815.3956,579962.3111
2017/06/20 14:00:00.000000 +00:00,1190195.769,1316161.422
2017/06/20 18:00:00.000000 +00:00,1104705.422,1791641.031
2017/06/20 22:00:00.000000 +00:00,1949587.911,2726208.284
2017/06/21 02:00:00.000000 +00:00,18663.53778,106913.5644
2017/06/21 06:00:00.000000 +00:00,215.6088889,372.0533333
2017/06/21 10:00:00.000000 +00:00,421186.56,564322.9867
2017/06/21 14:00:00.000000 +00:00,1233085.44,1623222.613
2017/06/21 18:00:00.000000 +00:00,717135.6444,789894.2578
2017/06/21 22:00:00.000000 +00:00,456986.1689,711150.9333
2017/06/22 02:00:00.000000 +00:00,85395.34222,92828.44444
2017/06/22 06:00:00.000000 +00:00,388586.9511,400237.2267
2017/06/22 10:00:00.000000 +00:00,237579.9467,261107.4844
2017/06/22 14:00:00.000000 +00:00,1288502.613,1879841.564
2017/06/22 18:00:00.000000 +00:00,1205461.333,1294936.747
2017/06/22 22:00:00.000000 +00:00,256480.7111,432788.48
2017/06/23 02:00:00.000000 +00:00,288051.2,298270.72
2017/06/23 06:00:00.000000 +00:00,27796.48,29197.08444
2017/06/23 10:00:00.000000 +00:00,600768.2844,691571.4844
2017/06/23 14:00:00.000000 +00:00,1260064.996,1474821.12
2017/06/23 18:00:00.000000 +00:00,1383852.373,1621261.084
2017/06/23 22:00:00.000000 +00:00,329866.8089,488760.8889
2017/06/24 02:00:00.000000 +00:00,36127.28889,39709.58222
2017/06/24 06:00:00.000000 +00:00,7.964444444,20.48
2017/06/24 10:00:00.000000 +00:00,468494.7911,529332.3378
2017/06/24 14:00:00.000000 +00:00,656618.3822,1043479.893
2017/06/24 18:00:00.000000 +00:00,2779385.173,3561370.738
2017/06/24 22:00:00.000000 +00:00,1398311.253,1814352.213
2017/06/25 02:00:00.000000 +00:00,57768.39111,79439.64444
2017/06/25 06:00:00.000000 +00:00,359389.8667,382528.2844
2017/06/25 10:00:00.000000 +00:00,911610.3111,947416.7467
2017/06/25 14:00:00.000000 +00:00,499254.6133,1052146.916
2017/06/25 18:00:00.000000 +00:00,658176.5689,820881.0667
2017/06/25 22:00:00.000000 +00:00,970155.2356,1088321.991
2017/06/26 02:00:00.000000 +00:00,5123.982222,136556.6578
2017/06/26 06:00:00.000000 +00:00,2579.342222,35498.66667
2017/06/26 10:00:00.000000 +00:00,494433.8489,516564.1956
2017/06/26 14:00:00.000000 +00:00,1440098.418,1573866.382
2017/06/26 18:00:00.000000 +00:00,1124215.467,1326125.511
2017/06/26 22:00:00.000000 +00:00,456149.3333,476870.5422
2017/06/27 02:00:00.000000 +00:00,38702.08,41649.49333
2017/06/27 06:00:00.000000 +00:00,70862.50667,73458.91556
2017/06/27 10:00:00.000000 +00:00,892331.2356,1071047.111
2017/06/27 14:00:00.000000 +00:00,952060.0178,1082804.338
2017/06/27 18:00:00.000000 +00:00,1711580.16,1962968.747
2017/06/27 22:00:00.000000 +00:00,321814.1867,355984.4978
2017/06/28 02:00:00.000000 +00:00,23894.47111,29421.79556
2017/06/28 06:00:00.000000 +00:00,4329.813333,15845.26222
2017/06/28 10:00:00.000000 +00:00,839268.6933,1009729.991
2017/06/28 14:00:00.000000 +00:00,1618376.818,2162355.2
2017/06/28 18:00:00.000000 +00:00,1162295.751,1541469.867
2017/06/28 22:00:00.000000 +00:00,385918.8622,443694.08
2017/06/29 02:00:00.000000 +00:00,276213.76,288566.6133
2017/06/29 06:00:00.000000 +00:00,262633.8133,273781.76
2017/06/29 10:00:00.000000 +00:00,790260.6222,871995.7333
2017/06/29 14:00:00.000000 +00:00,1218471.253,1373206.756
2017/06/29 18:00:00.000000 +00:00,1214413.369,1790973.724
2017/06/29 22:00:00.000000 +00:00,1397773.653,1502011.164
2017/06/30 02:00:00.000000 +00:00,0,0